,chr,link
0,我,#/entry/zhko/a163884686ac406abadf39a35d06c9f5
1,的,#/entry/zhko/774d30af491e4b63b4078562965565f8
2,你,#/entry/zhko/8a51361487454641bc44d21613ca6001
3,是,#/entry/zhko/8af21dd8f9df41c19c87d9189302fa1a
4,了,#/entry/zhko/fa45a9aa7bc24b0da374f8d147a6279c
5,不,#/entry/zhko/8f5c09bedf324bc49d1b4f4e590ff8e8
6,们,#/entry/zhko/a4dce4b8e2b742abab8555684e8d845f
7,这,#/entry/zhko/b5d0433633d74f85b7b9bd9fe28d3a7d
8,一,#/entry/zhko/8500c302bffc4c679ae96f1502cae41b
9,他,#/entry/zhko/6f9bf56beea4480aa195ff7663c1a00f
10,么,#/entry/zhko/030ffe341a2f4135b44d0b1640580778
11,在,#/entry/zhko/c2e396cc63d0460dbb2cfc0a315b0cf1
12,有,#/entry/zhko/028a240cec1246f68247670686d750c5
13,个,#/entry/zhko/2ccee986adc6449899c3f2eff6b54099
14,好,#/entry/zhko/2f2072ca48fe4153b63f6d7d8c664b09
15,来,#/entry/zhko/f58c7f65ac2242b491268f4a4b6a831d
16,人,#/entry/zhko/7f6ef11496e949fe8aef2de9bc4944a3
17,那,#/entry/zhko/e74c93c6ee9949dca7d2773fc7614b92
18,要,#/entry/zhko/82ba79159d5c49d8adb5d222e35beee6
19,会,#/entry/zhko/3ddbcc9e13a1471ca57c764c1fb22c4f
20,就,#/entry/zhko/1a185928a0a240658771e4f268dba3b0
21,什,#/entry/zhko/04ccdf73c2f04b758ec1cab64f28f895
22,没,#/entry/zhko/364170246f434d59924145c974500630
23,到,#/entry/zhko/764641fe060d415480e9a70505cf058b
24,说,#/entry/zhko/54f0342ee78744e8ae3b7e2e345318db
25,吗,#/entry/zhko/030ffe341a2f4135b44d0b1640580778
26,为,#/entry/zhko/6a9aff7f56a34cdda123aa411c1d70a8
27,想,#/entry/zhko/ac59307bfd644b679fbe16bd6675fa0a
28,能,#/entry/zhko/1e586ecf22a9432885968e1c4cd9f183
29,上,#/entry/zhko/e67ed72dbab2447f84f4f4bdc586a063
30,去,#/entry/zhko/0f9c402510084f959574b36e987b81ba
31,道,#/entry/zhko/2542366336044a2f810c8fd2d69b7859
32,她,#/entry/zhko/2915beed35374aa0918f5d78b47fef6e
33,很,#/entry/zhko/d6cd15c508df4f1e9546d3dca900dcc4
34,看,#/entry/zhko/9f9a6069eeb04015a3a0296caea77a47
35,可,#/entry/zhko/6339d6947a904ab6b1afdf285dcbeac8
36,知,#/entry/zhko/a42f1fcb4bc64bfcbc31c87aad7a1417
37,得,#/entry/zhko/9cadf27e754b4386af3c98c9167ae60c
38,过,#/entry/zhko/5536d41f42d24ab9a5d3024babd1ff9e
39,吧,#/entry/zhko/2411c2ac98a24f5bbf8d21c45c24cf33
40,还,#/entry/zhko/a3df0fc5b3c743f3ba745e82bff5a542
41,对,#/entry/zhko/cc44d0a3a30c42a997f517ffe64586e5
42,里,#/entry/zhko/e42acc378a9c4c56859e399afe04423a
43,以,#/entry/zhko/15b64780134546d8b6ad6b9d394c4adc
44,都,#/entry/zhko/b606d0e7a14b464f802c223d2193120a
45,事,#/entry/zhko/458a9430bb7645a68b1529dfde8dbae5
46,子,#/entry/zhko/afc0a77247e74dfcb69171bfffd2bc5a
47,生,#/entry/zhko/df5ba42276cf49968bc88517db7d146f
48,时,#/entry/zhko/35d9a75c775941d6b00f2c0abf0299d8
49,样,#/entry/zhko/3cac805687e8427db1294f945292b4dd
50,也,#/entry/zhko/cf9850157757497cadb2c9327a376a4d
51,和,#/entry/zhko/d031fbb41e1b4725845a70349a1b4fb3
52,下,#/entry/zhko/d55f65d5486f4194823d2bc37c21ca38
53,真,#/entry/zhko/5c17bdba61194d978c6e1411152ccbca
54,现,#/entry/zhko/ba7e27d5a8234852b479177b02318e02
55,做,#/entry/zhko/3c728e6d15284391bdaf7f48b432c2f4
56,大,#/entry/zhko/a60d72975e664c489f34a8e336614bfb
57,啊,#/entry/zhko/575bcaac5cb8432ea2d3b95efc405c68
58,怎,#/entry/zhko/733cd45e12f14f8b8f2b818ced59aa84
59,点,#/entry/zhko/97af851211e14e8b88d6c7291a2360c7
60,起,#/entry/zhko/2415e6b21ea24895a69d4fcda5f261e5
61,天,#/entry/zhko/7b7de782c3d04a459a2d105e44201e7b
62,把,#/entry/zhko/fd71ba951ae740d9a03ecb884548a4fd
63,开,#/entry/zhko/e6e76b146dd644b494cde29a7d4b650c
64,着,#/entry/zhko/7de31ec1ad4a40b6bd3785966e87dc4a
65,让,#/entry/zhko/b3d970e5321d4244a7e471323a5fe576
66,给,#/entry/zhko/a87c1840741f438f93446d37f925276c
67,但,#/entry/zhko/15bfbcaa109b4231abb7d9c998b1a208
68,谢,#/entry/zhko/1d0edf36429a4788840eb24e9091e2df
69,只,#/entry/zhko/714bf332166d4efbba0a0fd41c35ceb6
70,些,#/entry/zhko/3d7529553bac4d7497238d7444760ab7
71,如,#/entry/zhko/dcfc48c8b4a34043b3027272ba395653
72,家,#/entry/zhko/ce5cb7b1f78c4afb838a2cad7647b1e3
73,后,#/entry/zhko/af881ba7028e47bd8428a8772bcfcaac
74,儿,#/entry/zhko/2e54c2a8f93c464192be8615d6c66a0a
75,多,#/entry/zhko/ff2bf4f9e0ed4017aec6ed729baa574c
76,意,#/entry/zhko/00087d1e231a40dbbfb2843b5f0b9867
77,别,#/entry/zhko/11e9188b0638425d83d2595d4bb77216
78,所,#/entry/zhko/41ea7c587b2841758301c19885972a8d
79,话,#/entry/zhko/4869e529f7114dac851c1e1f269004e7
80,小,#/entry/zhko/b364965c122e4dbf996e78de8de07cd2
81,白,#/entry/zhko/56efbdf9adc54a1d94bfcd1c42069e8e
82,回,#/entry/zhko/cfee6584679b4a3798b8f4a81dc9da84
83,然,#/entry/zhko/71fa4748a8e047e08690fe2af5fcc4e4
84,果,#/entry/zhko/d26a0a936d9b4b589215e4cc7528c190
85,发,#/entry/zhko/90dde58de4ac43d8a7b44106573447ed
86,见,#/entry/zhko/3588c425d7b547718e8bc0d41cccbad7
87,心,#/entry/zhko/d504e2395ba74a8abc2aaa1413196690
88,走,#/entry/zhko/48337002ab1a4eda90e35905a0b78e56
89,定,#/entry/zhko/75de534fb80a4610b7b7068b4b246b0b
90,听,#/entry/zhko/03ff291c6b97471faa219b5729c076e4
91,觉,#/entry/zhko/43bf84881e5a44579514c46476636928
92,太,#/entry/zhko/5ebbb92d28cb44cd82b6101efc472ce5
93,该,#/entry/zhko/bfea12ec699749f0bda2d778b0c3eb61
94,当,#/entry/zhko/8b6cd91e7b294be9952aca6619aa9fe7
95,经,#/entry/zhko/5b8d20d9d11d4e11bf0e5efb3424644c
96,妈,#/entry/zhko/4c7f5c9fb98b4dc1baea7b12bae58184
97,用,#/entry/zhko/35ad766ac838429898603b4fb430763f
98,打,#/entry/zhko/88cfc034355e47288f1845fed72db7a1
99,地,#/entry/zhko/4f9861180e054d688369818f489ace64
100,再,#/entry/zhko/2c22d3d4a099458ab9972c6cf8cb1604
101,因,#/entry/zhko/5ccccda74ef94af0ba18db5412957979
102,呢,#/entry/zhko/62dff035008e4365874a7d36e9df0e55
103,女,#/entry/zhko/edded3f892434c5eb03ba3cd998aab9c
104,告,#/entry/zhko/711e643dbd5e42e9893a39785627fb9d
105,最,#/entry/zhko/bac9e809a65a47e9bda7402670fc5690
106,手,#/entry/zhko/441b945bb46e461ca4df707943863949
107,前,#/entry/zhko/0c5bd1f22a9d4f96ade70c78437fd8ec
108,找,#/entry/zhko/7f86a09feddb48a39be0ed7083686e63
109,行,#/entry/zhko/d1e4bfe1b2974a07809257483076f6a8
110,快,#/entry/zhko/8ee87adb9bba48598ef6f0a362bc2f72
111,而,#/entry/zhko/e176a8c38fe74614813f7d1617ae749a
112,死,#/entry/zhko/978f512b7ade498cb9faced3c72300cd
113,先,#/entry/zhko/44f90139b3074d16bcb56b4a06b6e609
114,像,#/entry/zhko/3aba8c20d7314297bceca854758b5a34
115,等,#/entry/zhko/85b6603ffe644cafac0625c9313c40d3
116,被,#/entry/zhko/7641224adf8f4949b234b6ced8a53b77
117,从,#/entry/zhko/0610246819234d0187a77b14b54b8abd
118,明,#/entry/zhko/61f798567d2e4b578ff22974ee6c7c8e
119,中,#/entry/zhko/7b669476c3f049e28815381afd28f19b
120,哦,#/entry/zhko/e01f0a2c79784ba6b90cb2bbd77b1d4d
121,情,#/entry/zhko/7a307c868529427c827e1a4905eba9fc
122,作,#/entry/zhko/3c728e6d15284391bdaf7f48b432c2f4
123,跟,#/entry/zhko/e1568dfa7048431da12380c71c5303b9
124,面,#/entry/zhko/058af9e47216414db5e45ee9dc8f578f
125,诉,#/entry/zhko/f21b9f8b06ce48cb9d290cb305556170
126,爱,#/entry/zhko/53a6b76a8d4242cf9355a854be238e65
127,已,#/entry/zhko/1db4e4e6d8f04df5b29021bf4a1db563
128,之,#/entry/zhko/1b12c88975e64c528c446b0e62a390c1
129,问,#/entry/zhko/e25c6a20fe5c4306a9ed01b61da5e74c
130,错,#/entry/zhko/3cb76086b1ba4820ba34db38144cf519
131,孩,#/entry/zhko/8510658ec1524f258cde84fe571254f1
132,斯,#/entry/zhko/148ff064d48e4f65882a62417200059b
133,成,#/entry/zhko/9e2e167d35e84052b0c22382b414d197
134,它,#/entry/zhko/e18bfb76284c4c4ba71f5e4a39998d89
135,感,#/entry/zhko/a113c0e990fe49afb40b6ca5b602e8ed
136,干,#/entry/zhko/538c21fde6524b77b315d0c0327199c3
137,法,#/entry/zhko/22609335f00742358b45cbea811d47d6
138,电,#/entry/zhko/2ad6be2997a141528bfbf42b46852588
139,间,#/entry/zhko/5d445144cd3b4ecca633d58e46a05bdf
140,哪,#/entry/zhko/b40fac27d86a405c8fb2862430af1af1
141,西,#/entry/zhko/c7ea2e33b0bd47ae8125cd7f1ed19fad
142,候,#/entry/zhko/3951ec32e2ed4f23bfb8f77806a85118
143,次,#/entry/zhko/f3af14b064ce47fba9476c1e1d70fb08
144,信,#/entry/zhko/9065e8ed050340ee8e2e67b7366cae3e
145,欢,#/entry/zhko/21fa906a9980411d8725af56b473b673
146,正,#/entry/zhko/51c5decf26b24015b0c57b83c1881525
147,实,#/entry/zhko/894f62974f8a4526bb8a239ff9162f02
148,关,#/entry/zhko/4c7b0e1b12174bd3b2304e84e6942f90
149,进,#/entry/zhko/f7d3c7a2f2d04134895ce5db1f52d9b6
150,车,#/entry/zhko/213d15706f6042a3b8002524f9756c6e
151,年,#/entry/zhko/7e65b2b7276c485b91c3f47f52abbfd2
152,喜,#/entry/zhko/970ab23b4c354c8ca9974889e2258ae5
153,认,#/entry/zhko/15fc36fac0dd4541a864a034af48c01d
154,克,#/entry/zhko/6ed87de542b74131b9842c5799a07a13
155,爸,#/entry/zhko/c53b781f32cd4554b6b32f20aeafb78a
156,谁,#/entry/zhko/7b3b8d614776460ba2076f1882e73d9f
157,方,#/entry/zhko/9f5bf388a498482e98b94a43fef10281
158,老,#/entry/zhko/403be083eb4c457eb5557e91f45630a6
159,应,#/entry/zhko/d10f30c225ca4d908788047f0221cd6f
160,比,#/entry/zhko/37528e6a1ca749d98303132d61b2e946
161,帮,#/entry/zhko/fed9c4c4f8f14109b5c8e8346cadcbc3
162,无,#/entry/zhko/205b7edfb0b649838d817932f298cc0a
163,晚,#/entry/zhko/9cd4aa514df44206945e9241e24d4734
164,动,#/entry/zhko/c9e7b20c77a744b0bd58cdb7c85a1265
165,头,#/entry/zhko/c1c5fbc9371b4cef9b54c057890a5040
166,机,#/entry/zhko/5a70f209b1d3406482ebc7abce8b5e38
167,分,#/entry/zhko/eaa8679b1f9f490cad9fee0ecb021098
168,特,#/entry/zhko/7d652402735e4dbaacc9bad35873495b
169,相,#/entry/zhko/5590002e3a834598adaa02b4c9fc6832
170,全,#/entry/zhko/e8e0ac445c5c4c53ace1279f4858a7ba
171,杀,#/entry/zhko/a251e8fde9e445c2af7d64bdee0ce86a
172,需,#/entry/zhko/a7354650623c49d78c1b52fd0af14d34
173,放,#/entry/zhko/812b73cfb40b494ca9edfa2b36b583ae
174,常,#/entry/zhko/1e2aa193737a48d9a4df14ea3658a414
175,直,#/entry/zhko/f08abb914452428b8fceffb2b59910b7
176,才,#/entry/zhko/0eabd63e368a4c0e86e20dd4932f42af
177,于,#/entry/zhko/3ffe9f569b8e4f98b5ba79f1e05e1c76
178,带,#/entry/zhko/a40f56aa06044a7685ea55e1841dee44
179,今,#/entry/zhko/04d62a12f6fe479083bf798d6beaf830
180,工,#/entry/zhko/55131bab1d1c4512b96164c4a9ae1977
181,许,#/entry/zhko/33b0d35271b9443583e1ca6ebe2c3909
182,东,#/entry/zhko/d1d2acb5d3944a2497b4b30640255c8d
183,名,#/entry/zhko/8de683efdccc42c48bab335061bd9e2b
184,同,#/entry/zhko/110dfb8a07914e7b950b6ce4249959a3
185,长,#/entry/zhko/8f01eb96acd54bbdab9e0092fe602537
186,亦,#/entry/zhko/228140a482a444e385a1c9761ecd2a50
187,种,#/entry/zhko/ff247694a9704d75bcbf88baea5d5996
188,者,#/entry/zhko/0e5d64a9847741f693b41c17452f3e9e
189,嘿,#/entry/zhko/37866a6db00f4fde97637ecc711c7319
190,学,#/entry/zhko/67ecf9ed951c48a586367d1edcf2221f
191,安,#/entry/zhko/9d2346b7f2a248da965c4117c8fb0976
192,尔,#/entry/zhko/71c4796e692546fbacc7121e44256a0f
193,叫,#/entry/zhko/f36560e3d6f741ee9dee50d705bf08ef
194,理,#/entry/zhko/024d210665774d08bd6a3141e1781ab4
195,本,#/entry/zhko/66a63792edea4caea54c9fc9e3d168e9
196,国,#/entry/zhko/adfd96a8f127463db3470cc6bf89387c
197,第,#/entry/zhko/27d6b4b4ba734f708bec78272a4b7362
198,友,#/entry/zhko/2800e33d185546f3b7fd2f788e297c93
199,高,#/entry/zhko/5dbe8d665a204188b2ebd86aec41087d
200,两,#/entry/zhko/79a4742c25b346d5ab2d60e630aac393
201,保,#/entry/zhko/1df0943da1eb40b68943979f8889e72c
202,请,#/entry/zhko/2256273ca6ff426a991405f57eae19fc
203,非,#/entry/zhko/f78478a2f53b4fc7b88cfffe0deedd81
204,重,#/entry/zhko/2c018f1ae84c4d348618d9cecfce75fb
205,公,#/entry/zhko/75167c3adeb846bc8724c6293207cafd
206,记,#/entry/zhko/3a4e9d7712954163a7eaa521dd948e6f
207,身,#/entry/zhko/ee84d2fa114d4e379ebeeae80ea77645
208,受,#/entry/zhko/9ebdce42bcd34f3aad2ec75c07f3abe5
209,住,#/entry/zhko/dbabf1978d484230b55de1e90c0296b0
210,活,#/entry/zhko/144431af99874b25a272d3b6a6f8fde6
211,加,#/entry/zhko/e5e6a0f59d574177ae710ef8a1a49bd4
212,何,#/entry/zhko/92b9dc9f355a43869c963c04749bb1c0
213,伙,#/entry/zhko/b5f7dd642de3400897ba4a75f31aeb3e
214,题,#/entry/zhko/ba0432e36abf4f65a6470c7304b5dd1b
215,完,#/entry/zhko/bd3c762e7f7a46a9bc7e91228d1854c2
216,接,#/entry/zhko/2fce901ec54543a6a4e17546067dfcbd
217,拿,#/entry/zhko/1e1f5dcf0e534f458a3d6092acb4deb8
218,望,#/entry/zhko/9f62dead2ec94004b6d4c309be2ba534
219,解,#/entry/zhko/73e5b205659d4d76b1c2da6da836a3f3
220,其,#/entry/zhko/b85fb7bbe65b42be8230820591cf75ac
221,离,#/entry/zhko/29512d0631e0460ba7c0910642863f61
222,谈,#/entry/zhko/a7c7abf264ec4a6eb8518760b0ce68c6
223,又,#/entry/zhko/ab065870e17f40f5b288b261ef721091
224,新,#/entry/zhko/c1d146a38eb3495790482529e0389194
225,更,#/entry/zhko/3ae4ad494190492e952aa6ec9d6365e8
226,钱,#/entry/zhko/e38a2139a2824be58d2fe243aa35b53f
227,马,#/entry/zhko/93627a0f02d940c6b816ff962aa3e2b3
228,思,#/entry/zhko/37b13f4624644638ab94dc474e6d416e
229,部,#/entry/zhko/c4472c249fdc4677be0145c34fa387d1
230,场,#/entry/zhko/d583677eb0574c598ae1e5be99f31b25
231,嗯,#/entry/zhko/a4728a8bd0a64f7b82dc1b7cff26f4e3
232,计,#/entry/zhko/f380319350dd4fe6b2a7932918a8787d
233,任,#/entry/zhko/33e1c317b5884945968a2eff07f8d28a
234,确,#/entry/zhko/89d8cc13be09497cb4dc61a0f80c1c6d
235,吃,#/entry/zhko/d117f5a69e85404aaf2a07e6213db6f5
236,始,#/entry/zhko/b8c76e5ac6be44e4855d04b0bc57a3d7
237,结,#/entry/zhko/2d6f7691759440249db8129cac7bb891
238,利,#/entry/zhko/2600c66d0bd24618a37827decfbec984
239,朋,#/entry/zhko/b5192541253f4db68218b4e1abbf2217
240,警,#/entry/zhko/e776ec16183e4113ac2360d040278f3c
241,士,#/entry/zhko/852e74f8645344e09a460b387007a7f6
242,外,#/entry/zhko/c5c1d7bba3a446c4adde97229edc2614
243,件,#/entry/zhko/fc5565166ad24f70b647e9eb89e026e2
244,难,#/entry/zhko/cc12d9cd41164b228c255b8ff205e1c1
245,位,#/entry/zhko/e338cc812d46430ebc109091ebd006c8
246,表,#/entry/zhko/2c06930f0e804d66bc79a255741dbc5a
247,刚,#/entry/zhko/f783c2a0bf014d629be534e546ed995f
248,希,#/entry/zhko/9b16e29a6911496fa72f5af8a85eb48e
249,查,#/entry/zhko/526b1bdfc43449dcadb5d27f660468b8
250,拉,#/entry/zhko/ba41a72020ce4f62973dd6b9a61804ea
251,边,#/entry/zhko/03ce6e23a31f4d6daa358a8ab088535c
252,或,#/entry/zhko/1fabb1b14f36450ca16ca2e05f462088
253,将,#/entry/zhko/b704dcf28cf44242952408bb1206d144
254,男,#/entry/zhko/c7042751686b46eb80790e9ea6020767
255,准,#/entry/zhko/89f5b8ade6c1478eaec8013093146db7
256,变,#/entry/zhko/0bf81828846d48298ea16a03877de986
257,证,#/entry/zhko/9c0625cda066435fa30f88e09f88aba9
258,物,#/entry/zhko/5e50029ed50e4d4ca47077559be88077
259,员,#/entry/zhko/b5594b3dd530449c8e509612c5acd36c
260,总,#/entry/zhko/81b140c6c67a423b8556e656722edb26
261,嗅,#/entry/zhko/5458053e5c634455928d0105b47d5f6e
262,系,#/entry/zhko/ad5e207097234a0f8d7d31c40641a2f1
263,\,#/entry/zhko/1e4baa12cf564d96930f2d358797efa2
264,几,#/entry/zhko/60fba5efaf854318903faa197d94dff8
265,管,#/entry/zhko/1daca4fddbe14edf86d0f5f4359796a2
266,玩,#/entry/zhko/e0ac54a037db4f64b34bcd934e8c638c
267,处,#/entry/zhko/f1adcda51ae84f4c88a3cc52857c06fb
268,办,#/entry/zhko/c74f7714f89b4f32a193728e0ff4ea02
269,主,#/entry/zhko/0599518701e14c7fae5754b12f998396
270,气,#/entry/zhko/0bf16093641c469998407bba451994fa
271,每,#/entry/zhko/abe786f93b2b4ab3a4690e085c5cf06b
272,少,#/entry/zhko/2bfa34bfb0f142f98019d39a79dde93a
273,切,#/entry/zhko/3be53b332e36436b8d7ab8245d621819
274,失,#/entry/zhko/b0ad69df4a2040f6b53a4f2332a88333
275,算,#/entry/zhko/94802156829a400f9bdd4101a40a2061
276,性,#/entry/zhko/65def6a63410464b9fbd03d1417e48ed
277,此,#/entry/zhko/1b72f6afa6bb4616ba2b1a078de0d8a9
278,必,#/entry/zhko/8a6caa04c41d4d4e82d98c8d47a90ed4
279,备,#/entry/zhko/f2122197d30f4f308765f42038b1e672
280,合,#/entry/zhko/61727e18099d4647984e17b3dc242dfa
281,德,#/entry/zhko/c3a84c07b63f426c88afa027bb0945fe
282,队,#/entry/zhko/a6d8ee4f595c46baa1cd0dc273e95764
283,试,#/entry/zhko/622985a86a874a2ab4327d5c3fd2217e
284,抱,#/entry/zhko/0966abb023664c66b1117f499d546ccf
285,医,#/entry/zhko/12915bffe21049a6ab6efbf59da057dc
286,通,#/entry/zhko/1d819fa80f554ed98d2f98fa6921a285
287,体,#/entry/zhko/94c4fd5180f44979914aadbcd41aa173
288,乐,#/entry/zhko/f5a53865d01e4932a4c6e78597611363
289,并,#/entry/zhko/05d620074105421f8981d3531b5e5a34
290,三,#/entry/zhko/d67ac08ab29b4f54b6e1268d85ae0bae
291,早,#/entry/zhko/0a8c479e8ba5461191f6051e09f7036f
292,门,#/entry/zhko/712924bdf9904885892831de4be513b0
293,害,#/entry/zhko/e7dab7722811444e878176ab79076dbf
294,歉,#/entry/zhko/418ac06f60884b41999ae236d3135ae5
295,选,#/entry/zhko/6def309cd0664d2e822811ee6ccd42fe
296,嗨,#/entry/zhko/a63cf0ad94a94e8bb9496caaf6a61a90
297,房,#/entry/zhko/c49666925938439bba3110b0d93365f5
298,命,#/entry/zhko/a581e4a52a22497484b80befd8e80ca4
299,且,#/entry/zhko/9880d44ccdb74399a4e3ebf5f0b35b21
300,向,#/entry/zhko/e9a9dd0f9a1f45dea71c66f7c119fb1a
301,兴,#/entry/zhko/e4595762d95a4495aaab19e470ea50ae
302,球,#/entry/zhko/2cf2824848854e278856258e4203a93f
303,服,#/entry/zhko/a5da2d8d4ec848909eaa669107b60c93
304,入,#/entry/zhko/b4754faacdef4028b2c80e433c9a7ba6
305,照,#/entry/zhko/7e7dd64574084573a1cc4a6cc0ee7222
306,提,#/entry/zhko/191aaa856c5d4c28a98581ec94ae1f7f
307,掉,#/entry/zhko/4853ccc938ee48189bda312e636a7cd9
308,夫,#/entry/zhko/dd2c13fdda9c48e0bc960a4f58742d9a
309,路,#/entry/zhko/41e673518ffc48d8a180dd14ca064852
310,演,#/entry/zhko/4339e25283a041118d4b33cef292c532
311,够,#/entry/zhko/e05e02147a0342698fc6a3b76919d6d1
312,日,#/entry/zhko/578aeeec1ed949d193d0549fa00bad7f
313,案,#/entry/zhko/76339ad3916b4e9283f46924a15064df
314,舞,#/entry/zhko/f90a0ad42f60459d95886b81c9ec64d1
315,决,#/entry/zhko/e57ac556852b453a94a5726c92ba27cf
316,求,#/entry/zhko/131916c3fe77442bba61d71fc7f2fab0
317,约,#/entry/zhko/0c9a7e648c9b480e8fb407ecd517d937
318,字,#/entry/zhko/25cfb7fdbcd04b5abf36bc9956956966
319,呃,#/entry/zhko/9932d3378ab44b60be2dfdf4f286911b
320,肯,#/entry/zhko/1da68fc1f43b4ac686e0d3a038eb9370
321,目,#/entry/zhko/edce84afba48409489f4e4e7608a93a6
322,笑,#/entry/zhko/164e6d9cf5db4d2e8c20a3895d95bac4
323,伤,#/entry/zhko/e4d9b0e7814b4358ac89ee4cf7e0e261
324,神,#/entry/zhko/de3c274e10ac4c0e81fd576372bdf393
325,父,#/entry/zhko/a50b3a7e9ef845eca00120e0dd75f480
326,指,#/entry/zhko/dc9f803a6a744b4481f255a0e97a138f
327,报,#/entry/zhko/1c04684e8c1d4e858cdee0e5d920993b
328,留,#/entry/zhko/f68b043d0efc4c7da0ccc9005a7b2d25
329,水,#/entry/zhko/53f9b2ef150b47be9c82fe4cd732b3e7
330,教,#/entry/zhko/d373b4dc01e243efa2acc5d259b1be46
331,枪,#/entry/zhko/a7a6611babac4b5e8ac7be85bbe085c3
332,清,#/entry/zhko/64f7e8bbf06547b4b50318f78d6a8c28
333,色,#/entry/zhko/958998bc45014ef89ea7687d9a18162d
334,号,#/entry/zhko/c8a3b6d2ee9e4111ba9e991b7613bf90
335,世,#/entry/zhko/a04dd34a7be8425abf6f8ed05bd8bdbe
336,远,#/entry/zhko/3f361bfe4760448aaeda8b57a4fe4c22
337,片,#/entry/zhko/ede4a3f4e94c404685d43344245dd71c
338,官,#/entry/zhko/a23f87f1858046e38b8b159ff404da51
339,口,#/entry/zhko/b5c5253a468b416aaea8cb70ad81ce43
340,师,#/entry/zhko/f91af14096bd424283db79cbbf0205c4
341,原,#/entry/zhko/aa1ac6b5e8674eedbb6aa8ff15ed32b4
342,酒,#/entry/zhko/e13d2c4eda7c4442b5227ba2c5576965
343,周,#/entry/zhko/9b13422c6ea946b784ff57644b112f74
344,星,#/entry/zhko/3991a2a5344e40cbb91d4b08c3e36e26
345,识,#/entry/zhko/57a977bfde6845f78f0c66927ac8ac60
346,赛,#/entry/zhko/112e68c2336a447f97ed9f51c411d28d
347,救,#/entry/zhko/56dc217e21264654a53d3db0f3e38d88
348,底,#/entry/zhko/0f8b604e8b5e41e18f1bf980bc5a7c6a
349,棒,#/entry/zhko/3d838b17ac5d4fb3a81b3eeb2284d22a
350,须,#/entry/zhko/2903df9cff1342a0883a77228e4dcfae
351,收,#/entry/zhko/90a462917c9342febad7c6c7885e184f
352,交,#/entry/zhko/5c8b1a9e6d474c23a71b4bfbb0271e75
353,坐,#/entry/zhko/bb08bc13ae194c5681b04c68e033d1b9
354,停,#/entry/zhko/4131aede5fd94cd29e9751596a714699
355,卡,#/entry/zhko/9dc2152f4d7e4f63aa679d1ded6615b5
356,尼,#/entry/zhko/bf3126e990af45609859b12fbb4994c0
357,婚,#/entry/zhko/630e7875d9c24e0eac1e6eb3e06d0c14
358,格,#/entry/zhko/bff44af4f92b46bca43ea47d85fbdfe1
359,眼,#/entry/zhko/d781d747fc4244c1be97909d67427787
360,金,#/entry/zhko/b8f64b004fa6414298b7d9dd8d732854
361,蛋,#/entry/zhko/a67951d45dc2460190ee03fe0c0cd94c
362,息,#/entry/zhko/dfb1e69179f34b3b949110550aaef31d
363,室,#/entry/zhko/160ba92f67144859b7aa866d04d4be30
364,内,#/entry/zhko/155d26854b3048c8897e8f7f155c3862
365,运,#/entry/zhko/bdbf5ed4a9f4448bbe2b7a21bfe7da88
366,根,#/entry/zhko/f760dd0dacd144ef871ed080e922f5fa
367,单,#/entry/zhko/488221bbeec342ae95a826e896dfaa5c
368,宝,#/entry/zhko/cb67dc027b2b4ab1b60c70938247813f
369,哥,#/entry/zhko/3d63be5e1474491f9664046792a87b69
370,张,#/entry/zhko/62567cc86f1542368f5b5be4a0cc28b8
371,搞,#/entry/zhko/4744de29be3841de960cf0d81c5898b1
372,战,#/entry/zhko/3aadb3559ea6476e92e57f913bc23e2c
373,火,#/entry/zhko/c896e81d2aa6490c9748b5ba02701242
374,罗,#/entry/zhko/dc9474cacde64c169ac165d16c261d89
375,至,#/entry/zhko/3b042ba783d446ba8e2a13887a52916e
376,万,#/entry/zhko/c1e9aa2883aa44bf94edb760b337226d
377,声,#/entry/zhko/43d6540518534bfab5417399bbc3a56b
378,布,#/entry/zhko/6811d0f7e94144fd8811839bba3062d8
379,音,#/entry/zhko/77107a7601774d1b9dbab1c794d34d63
380,期,#/entry/zhko/3a82f9811cfa414c8b8f8750d30bb0b4
381,条,#/entry/zhko/7d0bcb6b2e0e4c49ab2dae38218bcdda
382,消,#/entry/zhko/8c384df1c90b47d48e2e8a352a25e5fd
383,买,#/entry/zhko/0ab8a297a3864fde800c3b3fefad908f
384,病,#/entry/zhko/a71a2876607640d59dd0fc8025a41236
385,整,#/entry/zhko/b3d34cc8738e47c0b887a66e31bbb772
386,奇,#/entry/zhko/ed11c9a918d64235b998c17251037d80
387,弟,#/entry/zhko/b0747ccb787344cd8566f0ac3fe00eae
388,犯,#/entry/zhko/14abf2e1e1ff404c953590c589149113
389,装,#/entry/zhko/14a45f62eefd440f8280bf9ea6efcf86
390,贝,#/entry/zhko/8d766f4e69184f24a7dffa61ceccd067
391,您,#/entry/zhko/8740690f63da4d388b748bde0d497067
392,怕,#/entry/zhko/4805715fa5164ec2b868898a33ddd0ae
393,送,#/entry/zhko/85765b32b9394190983334d7a2a48bb8
394,护,#/entry/zhko/a0d1fc8330cb4381aba211b9c71b0ec8
395,度,#/entry/zhko/685d498d745145caa340b17abb2a1457
396,花,#/entry/zhko/659c350f76844e599c7032c390abba6f
397,节,#/entry/zhko/ef8fe994e26f41e38878a798b8757f07
398,近,#/entry/zhko/a4b3a8a1f4c745be909322c5b5d18bea
399,怪,#/entry/zhko/6546e5e7d07743c9889c005854bec45a
400,持,#/entry/zhko/0f117cc771f042d2a45246f8c4f3aab4
401,光,#/entry/zhko/8baeb4ec566c4b31ba1e894df2dcffda
402,与,#/entry/zhko/758032188a624e7e94c9d6fcb2ebdb1e
403,穿,#/entry/zhko/247d1f3625bf4d1cbe6035c256e9d1d9
404,愿,#/entry/zhko/9f2a9233a9d4468183a41ba48c255857
405,象,#/entry/zhko/2ffff77ed102421e88338b339321ff67
406,影,#/entry/zhko/8106f879943b402780c3b2c15745aaed
407,击,#/entry/zhko/a566e1a5cc104aa2881afc33f9ea3a6f
408,使,#/entry/zhko/63519721e7744dfa9dc7eeeb94717f56
409,二,#/entry/zhko/533325327c064471aaf0b0721ec55995
410,喝,#/entry/zhko/bc6aa5edb0044454a8a7d389eaa297c9
411,月,#/entry/zhko/db7504d18f7c493cbd4e544d1e983725
412,器,#/entry/zhko/61fdb8290fc34cc6a744b4b13a14559c
413,察,#/entry/zhko/1e0d7c16d99a49d3be805741bd3dbb0b
414,止,#/entry/zhko/db159f97f17c4fe6874d182871d86f2d
415,十,#/entry/zhko/a928f17548874e1ead6c24499b702074
416,拜,#/entry/zhko/4c2fd5e7fd3b431fbb0dba0a62e9c2ee
417,鬼,#/entry/zhko/67163b2363364a8fb0184d014bf2bfe7
418,睡,#/entry/zhko/5a4d6fb4900b4cf69739650d8017dd91
419,啦,#/entry/zhko/ba41a72020ce4f62973dd6b9a61804ea
420,调,#/entry/zhko/d785f35c239a4330a674a62d3f7cad51
421,巴,#/entry/zhko/7724ae1661d54a85a667f64ecc6c39cc
422,兄,#/entry/zhko/34f8e9cb83964392a97f9fa30359d297
423,紧,#/entry/zhko/a5c58fcdb948489c83a4de85a435f093
424,站,#/entry/zhko/9b1b326c7db44550bd90125f389db0c0
425,品,#/entry/zhko/475d00d46f2b4340b15e882dd05d1edc
426,英,#/entry/zhko/a2f7926ac53146eaae7abc4555d5bf64
427,罪,#/entry/zhko/0e2e428d70f4472990d08b5353a4a464
428,据,#/entry/zhko/075dfd6ab0d84d70a5856b86d1a7e77f
429,派,#/entry/zhko/aa8f14db51ca4885bccf6d096d6090c9
430,票,#/entry/zhko/b4588e2b52c0428cbfb0673c59c2ccdd
431,兰,#/entry/zhko/eda363101e7d468da0e10bcb8a868ca6
432,恶,#/entry/zhko/9fbf898e63344a6782ec37efe9ed2976
433,烦,#/entry/zhko/862d888badde4aeca5878fefe1c3db72
434,取,#/entry/zhko/623db085149549c8bd8008855bc266c9
435,游,#/entry/zhko/3a2c6b83661d4deaaae10e67885a9bf5
436,糟,#/entry/zhko/aead0f6fd63f40dd9c2f69915105b3c4
437,令,#/entry/zhko/86e19fa3ee09462d8323b2162a036a4b
438,随,#/entry/zhko/481b9a92982c4861858bc767a40039c2
439,五,#/entry/zhko/ef586014cbb34adbb21a4dcab68d1b82
440,圣,#/entry/zhko/f6de6ab07a144aedba7774b0cb0df3c7
441,式,#/entry/zhko/dd1de97416b04748b08c6c562fabb358
442,投,#/entry/zhko/f79ab68b479f40d68bcc28de10760286
443,化,#/entry/zhko/2e7b557f94c648afaf391d33a4a8e5b1
444,未,#/entry/zhko/6e555d438f164fa8a54d3e488bcc0cff
445,束,#/entry/zhko/c164dfc3e938459b8aceb5f3be511eaa
446,醒,#/entry/zhko/2aa5fa425f814f57927e97dd77e7a290
447,威,#/entry/zhko/8fc45728bd8e45d986f44c46561f0199
448,班,#/entry/zhko/c4775f20676c4ec59bc72548abdc530a
449,终,#/entry/zhko/f318bc558e1d4fbca5bc536599592324
450,差,#/entry/zhko/6b24a2e8eeab443ca11bc48c8bf0a02d
451,梦,#/entry/zhko/7b3820097c25435db9143716de490d45
452,赢,#/entry/zhko/186225f7d4e6474f960ee22cf7788ce6
453,药,#/entry/zhko/e242aa35a3fa40e2b920de96c3848bc8
454,迪,#/entry/zhko/d76b0f0a57a84d8ca3a0ebc4f457d060
455,店,#/entry/zhko/05e522ba3e1e4efb874cd71f343e4165
456,惊,#/entry/zhko/49f694a06b54480f88d369dcf91c1b45
457,迎,#/entry/zhko/90c7ab987eab46cbbc3367846fa37a3b
458,段,#/entry/zhko/419773e4abdc4e3e95f56e876b169eb3
459,标,#/entry/zhko/2cc6974af5ec46f38ed7dc1fb4e3589e
460,检,#/entry/zhko/ae7c2f98d48b4dfabaae606e7f646631
461,各,#/entry/zhko/4c3c3a0cb01145718d5f2f3f0b24f0bb
462,义,#/entry/zhko/09845a093039466e8e19f99296d8476b
463,百,#/entry/zhko/e0d037c78b164bafb00dfbfbf1bd886a
464,民,#/entry/zhko/cc5fe79846924e22951d078bda0d3370
465,功,#/entry/zhko/5142f7fc197c4d13a0aae0c037ab3fd4
466,唯,#/entry/zhko/796479d5f6334b10b8230795333ca2ab
467,夜,#/entry/zhko/b123502ca91f47358b77584c54f06dd7
468,示,#/entry/zhko/72a4998e6d8440ad8254452293412354
469,靠,#/entry/zhko/6dddfb321ea04768affaae87184b45d8
470,休,#/entry/zhko/45bb682331ba444da07b764099212152
471,灵,#/entry/zhko/a7195ef48e724c2a86b04346840f3892
472,狱,#/entry/zhko/02a3c30a5f0441f3b419781fbda48ad8
473,密,#/entry/zhko/f335ce0a638b4db485208b981cd231a8
474,线,#/entry/zhko/e608310c9042495f98a8da0aec447f34
475,代,#/entry/zhko/1a66fc12af234c5da597f733b90998dc
476,忙,#/entry/zhko/872c5684751f469d937cc408785f489e
477,坏,#/entry/zhko/29ba0c9e06c1494599b25cb0cccfd939
478,久,#/entry/zhko/ee1efeb5c4974b9d96fd22dedb1812f7
479,议,#/entry/zhko/636b311948a64610b4f6338fc045627c
480,衣,#/entry/zhko/6111eca720a94fb99e542ac3d4fa8e16
481,血,#/entry/zhko/a20dd8f0ff7640549ac921a31b4ba9ec
482,钟,#/entry/zhko/0f927999116e4f68bc74ce8309a4dcc4
483,继,#/entry/zhko/aa60ef1e9b514883bbace0761074928d
484,礼,#/entry/zhko/415ab344edfa4975bc94656ebe8485fe
485,份,#/entry/zhko/ae881e18d6d640e1882829cf95cbab17
486,数,#/entry/zhko/a3914fdac6c143a382cc05834e00ce9d
487,疯,#/entry/zhko/aea7368b87c64f8bb397f0f70d05b0f4
488,平,#/entry/zhko/3afda9b8fccd4191b11a090ab003c0e8
489,杰,#/entry/zhko/a6d2284fcf6343558a8bdbe69be2fcb4
490,校,#/entry/zhko/5ef6ac81d2df439f9b0076936e82d6db
491,幸,#/entry/zhko/e62f945d475d44cd82298007148fc1ba
492,专,#/entry/zhko/ad75db0dd3404de5ae86c80fd4170bdf
493,复,#/entry/zhko/f6bb6764ae734ea0aca5549a5ceffc86
494,量,#/entry/zhko/4f3c8b08d6e64021a1a806a10488c86c
495,首,#/entry/zhko/4b928a92275c4b7688e5b3ff90e69bc2
496,改,#/entry/zhko/9e69198cc0b74d1dbb404d39f76c2c22
497,忘,#/entry/zhko/ef77b141c6dd4bc0ac6045dd0a9f7244
498,术,#/entry/zhko/57243bb026ce4fa8a9c0fcf6712937da
499,局,#/entry/zhko/37290a1d98d7400c85acbc9533fae41a
500,客,#/entry/zhko/8ee55bffb31d405d8341696369513d23
501,假,#/entry/zhko/1e5849f97b8740438f02f717c8abe98f
502,永,#/entry/zhko/c11991fa4150492cab5efa81eb925a4b
503,维,#/entry/zhko/487e1ab8bbf143a0903e6cb0fb209a85
504,岁,#/entry/zhko/146e39f93a764132a50abc6fbee76feb
505,弹,#/entry/zhko/a57a688a8e764a929cc667551101d4ee
506,静,#/entry/zhko/b0328b062f5c47fd88fbcb5bf1e519ef
507,故,#/entry/zhko/c1daebbf140449c591a6052c5beb774c
508,吸,#/entry/zhko/31e45035305b476383d2f9e566d04d39
509,喂,#/entry/zhko/2635d8e920df4220b1741b6c8d502856
510,集,#/entry/zhko/ba5593d2c2b6445fa7af4255f184739a
511,极,#/entry/zhko/427461eac9e04896bd3a2f987883592c
512,讲,#/entry/zhko/bd3fb53e411345a6b27517b9df6d56f7
513,块,#/entry/zhko/699c000012d34907977b3efb3669a018
514,趣,#/entry/zhko/1dbea9443b8c487a89df8bea90cecd87
515,类,#/entry/zhko/468fc8278e214f7db3203f1281944bc7
516,呀,#/entry/zhko/e658df7cdea9483585f4229e8c796d40
517,戏,#/entry/zhko/c3c8ef80bc834efd8906f4c57c32451b
518,曾,#/entry/zhko/62010e9ce0ef4587a0342f0309e1a159
519,容,#/entry/zhko/9f33b62e86434221bb68d57e9596930b
520,步,#/entry/zhko/50f7baec342e406e95d513e75eda06c1
521,落,#/entry/zhko/695365cb6be44c5787c2a7af5efe0d7d
522,饭,#/entry/zhko/7179385f6b91432599289109b026e675
523,林,#/entry/zhko/086eeec1cc784984a63a3d88b507adeb
524,换,#/entry/zhko/26f1628912a94bea9fcb98853aab701a
525,及,#/entry/zhko/712df5b8c9af486685249249ac07706e
526,船,#/entry/zhko/955f252e9b534a228c93b541a52e4c35
527,争,#/entry/zhko/e2e0c92752454f9e9d75fba79cd55fb9
528,猜,#/entry/zhko/c6d9da6e00364c3cb1cc660733fc7a23
529,洛,#/entry/zhko/7c47f530c5de4ee0a780d270f464ba95
530,级,#/entry/zhko/7475eaaa20e442d7a54610480af86fa9
531,姆,#/entry/zhko/14150bd7527b4b438cc2998124d7ca42
532,雷,#/entry/zhko/32696a788cfb41b9927ab258a10c8ade
533,刻,#/entry/zhko/01881747f10c4107884450cea7d622c8
534,建,#/entry/zhko/a4941115c5194884a30cb717120497fb
535,团,#/entry/zhko/532a57b9bae542a08ce7b627bb20a914
536,王,#/entry/zhko/a26b5678ff0b42d192c5ce82b5c6d275
537,山,#/entry/zhko/efe1ddac5a0547f5a80c86129d30fe0d
538,普,#/entry/zhko/a9de0339022944d68146f01f6c0bbb29
539,价,#/entry/zhko/8f805b189c9c4c489ee58616e01c4549
540,元,#/entry/zhko/36015c918a104388a94727b20500abf9
541,角,#/entry/zhko/adec367d8d62408581490ad727dc6f03
542,怀,#/entry/zhko/ac9f5a19aa074b08be0c2b0b2f4a443e
543,床,#/entry/zhko/11d6191e3eda401f92888c79f78086e8
544,奥,#/entry/zhko/6af45ae8f4234f889dfcdb3434a7b4b9
545,模,#/entry/zhko/6b3aa42d109f4ad8b4bfcd24cf321cc7
546,验,#/entry/zhko/49ccc12edf644557bb4412405701e310
547,索,#/entry/zhko/3c362fcc72304cc59c336789b63debf3
548,街,#/entry/zhko/2eea48e76c4e415aad2f31e4aa829ee2
549,艾,#/entry/zhko/797698d8e3f949c18f2f47c40fd2b38e
550,呼,#/entry/zhko/34b41380851d4b688c07c0dd5e46634d
551,视,#/entry/zhko/b23f6d4c4f6447769cc49087276701f6
552,料,#/entry/zhko/5c3b750042c543c3be66524138147444
553,强,#/entry/zhko/520b9ecb59144f76ba64af274d7ea0a0
554,由,#/entry/zhko/ff07dd554187414db35de29539ccf709
555,论,#/entry/zhko/6864c7f0674e4fca9dd47f1f833d7a59
556, ,http://www.baike.com/wiki/Null
557,飞,#/entry/zhko/5ff42b56897848c9be34aa1c7647e3fe
558,业,#/entry/zhko/1cd004b766cb4d69bf16714dadaf16e7
559,续,#/entry/zhko/e4a23911cbf7442e833f6a129842c0b7
560,母,#/entry/zhko/a3f1fffbf7614f35b1820325b908885c
561,空,#/entry/zhko/42d0f82ed6274f6f92c8071da8b6e046
562,军,#/entry/zhko/2c4e3d5543a9462c8735f025b3c650af
563,跑,#/entry/zhko/d73bedce05854ca695df51cb2f55e26a
564,阿,#/entry/zhko/1ba26f13c61c4b18a49f2d09c5b1beb8
565,尽,#/entry/zhko/cc258d2622274addae998a0d7af1a979
566,注,#/entry/zhko/0b5c63df7e694d25a75233936dd6e0c2
567,弄,#/entry/zhko/69f3d3f6cff24eb493b1dc7458f7e316
568,务,#/entry/zhko/b3a9312f16ea444099106be540dd580b
569,基,#/entry/zhko/ad4aa8b4f0b04cd6ad959556501cbf79
570,台,#/entry/zhko/0a48437dfdf6465ea369a2ea988dacbd
571,另,#/entry/zhko/40e6f2b22f92499dab327021d3f50102
572,恩,#/entry/zhko/1d9e8fa2cd6040298af271851fcc3e67
573,书,#/entry/zhko/197aba425ba447599c63ba93053297ec
574,统,#/entry/zhko/857e30dfbaac4f2182cf73724af4555b
575,风,#/entry/zhko/efbd03592213408f8b729c144e32a2f1
576,况,#/entry/zhko/86e4c48e3b0b43c0aa8cef6c222363b5
577,四,#/entry/zhko/c64d07fbf33340ebb0f6c6394de94f96
578,黑,#/entry/zhko/8a4d95b85f884632b9d5db5fa86b1e97
579,否,#/entry/zhko/d039ad97dc53440d9fbc69df116ec5f5
580,险,#/entry/zhko/facfc70fe11b4653a308aeb715ed401f
581,言,#/entry/zhko/88bc954917b44d42ba58b9a30981a2dc
582,米,#/entry/zhko/0d444fb28bd841f2b2a648d3f674a8d9
583,味,#/entry/zhko/d347b22a7f034387a304d24f21ca92e9
584,区,#/entry/zhko/3af767b8303d4e54bf806099f4f0abd6
585,漂,#/entry/zhko/550e0279520c402ea470eed010b51598
586,支,#/entry/zhko/3975904ecf534d5bafb4783c03f04527
587,乎,#/entry/zhko/bf91d6d9321b49c3ba69277f4ba1ff10
588,录,#/entry/zhko/62849cc3a6864dcaab6446a05431a43a
589,考,#/entry/zhko/6a55116dd25e4a07b652c7be2fbcc00d
590,超,#/entry/zhko/88763b823b9d4e93b6af57667b62997b
591,拍,#/entry/zhko/450900e6ebb24af8af84f961e71d87e0
592,轻,#/entry/zhko/4ac930b227d44e529a5a445919bfe6e5
593,连,#/entry/zhko/21640b71a79442f18990310912accfba
594,往,#/entry/zhko/922fd440ff904ca5ae76a7e67b5afb83
595,组,#/entry/zhko/e80519a51ae94a1486eee04c9a44cd71
596,满,#/entry/zhko/359373ad987f4f84ad95fdaf6a771c02
597,造,#/entry/zhko/e83046ca9e73457da2f80c70853071e0
598,杯,#/entry/zhko/b020eabe21c5413f9bb2d83213b54d99
599,市,#/entry/zhko/2160098d9ee440169eb5a4089a9bb125
600,城,#/entry/zhko/321b50ac0cbe47c6ace64ae62f1c4bcc
601,哇,#/entry/zhko/245f9251f61d4e2aa79bfb4d3be66e16
602,权,#/entry/zhko/8c887d45deb14d62b55296a31a45ba68
603,某,#/entry/zhko/ef237db6d2a043f7a39c3f907e667b54
604,激,#/entry/zhko/2bcedcb9557d44d2b7d636ea6fc6aae8
605,立,#/entry/zhko/db5dbb1f328949578f5195a2d0d77d17
606,程,#/entry/zhko/4a213e3bbf3a4442b259259d91484e34
607,伊,#/entry/zhko/c3c568b1d2b74345b32b524e843add00
608,讨,#/entry/zhko/1397aa3cb89a471db3886631b624b258
609,责,#/entry/zhko/a9aadeae531948298c84270e0cc73813
610,昨,#/entry/zhko/c40d0fa7fffd40339fec2859be7a7e53
611,闭,#/entry/zhko/cd6111226d494a72926d00a8c15458b9
612,庭,#/entry/zhko/d1ab45a4ece048f98473a65f68194481
613,设,#/entry/zhko/482a39729d12423b89a114042112350a
614,松,#/entry/zhko/f1cdd962396f434bacddf107182f1233
615,博,#/entry/zhko/92967ce1bbad46369d8e94d118ca34fa
616,置,#/entry/zhko/40b65bd0056f4542bebb6f226f9e8d48
617,逃,#/entry/zhko/9e9afd0aac8c4c66b050e5cc2ca0c94a
618,观,#/entry/zhko/685508d9dd5a470e8353e6ae8576db45
619,痛,#/entry/zhko/03d8c423d5ff404b8bd8352e12582eb2
620,狂,#/entry/zhko/90974173fb2e409d9ce8b9b64a8b5dfb
621,足,#/entry/zhko/cb3d126ce24b4a5c80a254b89ed2c12d
622,码,#/entry/zhko/c8f75c3653724ab68ed250494b2df3d0
623,恐,#/entry/zhko/910b0869e7b341caa9ce5bed627142fa
624,吉,#/entry/zhko/2c0e0089086342bbb81b0a713f6e7107
625,历,#/entry/zhko/3abb40f7ba8f4ca6a0b49a7ef4d9fecf
626,慢,#/entry/zhko/8260853a2c804c8f8d7d9eac8fbdf52b
627,妻,#/entry/zhko/d49e75a9fdf04aa8bf96c4f349f5f085
628,嘛,#/entry/zhko/d376f6b017844eacb41293c3c51b5255
629,哈,#/entry/zhko/b023853b159f480896157bae0dedab22
630,助,#/entry/zhko/c5724234c96e4f188c301e1879248968
631,达,#/entry/zhko/9a5030a0f0e14d9d864583d81cb3f01e
632,海,#/entry/zhko/a63cf0ad94a94e8bb9496caaf6a61a90
633,待,#/entry/zhko/a86f98fc8dc94d2bbaeef008512355bc
634,托,#/entry/zhko/db15d8ff609e43e8a9974a09fbd55d66
635,除,#/entry/zhko/ff7419492faf45c9b0e070fd0ac91df3
636,写,#/entry/zhko/47df47f6714745489c6b0b7b4916c12e
637,绝,#/entry/zhko/264bd02c8e614c7fb0c74ed6007abf19
638,界,#/entry/zhko/de3be65e00a346319e7bae57e71b05bc
639,帝,#/entry/zhko/25427662a2264d88a85af7ee7a743910
640,姐,#/entry/zhko/ce07370655d848e99af5887edb7ea6b6
641,反,#/entry/zhko/a3b285276b8c4146bee3a779012a4d79
642,担,#/entry/zhko/613770ab831c4d80983d4edb253471ad
643,司,#/entry/zhko/0dd924fc0c6d46eba4a3624ab492f2c9
644,亮,#/entry/zhko/f1c1f4c28e644dc6a8b922cf38451b5b
645,抓,#/entry/zhko/a01d3db97ee64cd790dbe3e9558ef5f0
646,跳,#/entry/zhko/85b6c4971d134c1c8ca3a0e3e493d98b
647,联,#/entry/zhko/f3d31ef51a7647bf9f388fc7f74246db
648,混,#/entry/zhko/10904ddf6a884b068c805437d296a748
649,便,#/entry/zhko/65f0ef2d201d4c97bdf6d9d0e267d972
650,狗,#/entry/zhko/594b0243f8a24098be01840a5bbd16d9
651,脑,#/entry/zhko/44ae3cc56d244950ac0171654dc28190
652,歌,#/entry/zhko/07a78a902097429da07ef3fab1c1195f
653,精,#/entry/zhko/9e4a0b1d3cc24ca595707f989669f87f
654,包,#/entry/zhko/4f1b371768524d188c86acdded2d0230
655,转,#/entry/zhko/86b2495f78944859a18abcf04b4a1848
656,却,#/entry/zhko/5100433423df4a27b6310e61d5a926ed
657,参,#/entry/zhko/22468ea8f81b4c3aa83a2fda08f97bf5
658,院,#/entry/zhko/32127554c4734a28a2c300980bbd7fda
659,嘴,#/entry/zhko/c22fab74ab72462e89448c844e1d2f0e
660,毒,#/entry/zhko/0c72612804574956b65e644a5eacfd16
661,越,#/entry/zhko/ff646b7d7c0b44ba906bcb75af47e855
662,律,#/entry/zhko/bc573a3f54184b1ea33649416412d4a5
663,费,#/entry/zhko/6e178e4089874970b794cb428d8dbbeb
664,科,#/entry/zhko/205d53774686438d98e363e73e4a6b79
665,麻,#/entry/zhko/67fc5b85116044e28967a794118770f7
666,简,#/entry/zhko/1b18b28ebfa1416ba55a24910a708deb
667,易,#/entry/zhko/6b34a1d6c358474881eaa1a40e4bad1c
668,流,#/entry/zhko/7b2fe6534f2f4e1baded4bc28650f6af
669,治,#/entry/zhko/3be74dae82ed4ae0b23145ca5a45c3a2
670,唱,#/entry/zhko/e1be0221ceb841e7940caed0df04becf
671,答,#/entry/zhko/f1b86db4bd6d4294908c9880f67e76ca
672,倒,#/entry/zhko/d79292ff8ab24839be16e1aa69d4dfea
673,划,#/entry/zhko/39828c08965e45bb8ea67fa9c742e851
674,控,#/entry/zhko/31dd2ee9513749a58257e2201783ffa2
675,卖,#/entry/zhko/c66dd768188b4a809c40ee9bb5b6eb6d
676,显,#/entry/zhko/ab1c55da55354648a02bbd384c0413b5
677,监,#/entry/zhko/f5d6031617474e508b5b598d0e653aad
678,半,#/entry/zhko/aefb1bc306394d2eba32b09ad53b3d77
679,图,#/entry/zhko/50d4398b9bbb41068cb19fc33f538248
680,语,#/entry/zhko/c27d00038c34425bbf5473f76c0c672b
681,付,#/entry/zhko/eedd2a9222094dbe80fc13d3896bfe25
682,热,#/entry/zhko/643d8c3859a4410eb4d2cd012b615604
683,排,#/entry/zhko/ccdda8d690ba47c783254d8a55464240
684,楚,#/entry/zhko/878b9ad4ebf148eb8a93ab9e0757c41c
685,偷,#/entry/zhko/90e7df5b240a44da95d778a1c230c2a0
686,敢,#/entry/zhko/c67b973664b3487a84dcfda03585b69d
687,油,#/entry/zhko/6953f33694814e0b9a56bc91c65a0cd2
688,餐,#/entry/zhko/4f514bf66ef1423187c99bd679475300
689,破,#/entry/zhko/c98d199c516e409b85c88a66a761c4af
690,莱,#/entry/zhko/4ed86b758dc048df99379a00e9af8e2e
691,脸,#/entry/zhko/66428bfd874f48639bb928afbc5bbb19
692,引,#/entry/zhko/b84ef69332354579ad25db7e35aba219
693,择,#/entry/zhko/533b81a102ee474ea07a0d52f36122e0
694,疑,#/entry/zhko/cd300c6f5cb447cd9bc23249a2f070a9
695,赶,#/entry/zhko/a26d9e0328904cfd8f6a23d93fed309a
696,俩,#/entry/zhko/24b291e0dff8441cbd642ef12d5be1fc
697,独,#/entry/zhko/ec500967a7b74fe2989e2ca676841761
698,冷,#/entry/zhko/43f79a90d8104e7784f4bd7dd7403ab5
699,妹,#/entry/zhko/f263110cf04e48d6aa9d54f5d5c02eb5
700,楼,#/entry/zhko/0a76dd5233244b08a2f509dec6bb5dd7
701,皮,#/entry/zhko/4f756c10117a4b51acc7d0c488cb2b8a
702,存,#/entry/zhko/044fd2f1ff6744cdb38bb4310fd056aa
703,练,#/entry/zhko/f98045ad1aa24220a8637ca2cfc72c2b
704,娘,#/entry/zhko/877eb249ecf040d18104f6f21032a8d3
705,顿,#/entry/zhko/5f39ca7a78ee412085fd91cdf448c7d9
706,断,#/entry/zhko/4b3cfaf17ff1492582c249b71914c201
707,制,#/entry/zhko/187dade72a9d4097bc185e245637dc96
708,文,#/entry/zhko/0242a433194b4f3396c707e0c95924e4
709,探,#/entry/zhko/75a05a782bfe441d8f07d764d3bacf0f
710,丽,#/entry/zhko/bc3baae806704f90bc0548ce339392fd
711,释,#/entry/zhko/36a46ca562994a99b4adae55f8892c7f
