,0,1
0,入,"['HSK 4급 단어', '#/entry/zhko/9aa2371c76d240058aad2dd27dc0c4c3', '#/entry/zhko/9c7fbde5d69d42db900a962ff5a0fae2', 'HSK 5급 단어', '#/entry/zhko/f7c52c81517c4d0c90862502136147d9', '#/entry/zhko/a75693f3ca23481fb59cb6663c1d8319', 'HSK 6급 단어', '#/entry/zhko/8c9042a51bf7410a928d78e01ffab6c3']"
1,照,"['HSK 3급 단어', '#/entry/zhko/5a8705e12b7542c7a6788a8181305957', '#/entry/zhko/9bd4f2a3bd4e425dba1b7aaa30ef9ea9', '#/entry/zhko/64dd88bbe1f548318e1eba172267ee41', 'HSK 4급 단어', '#/entry/zhko/a22f5bce023748c4b3b7a2458e65c922', 'HSK 5급 단어', '#/entry/zhko/fc02afeaac8747ee87de82017cee9207', '#/entry/zhko/0965bdc2f16f4d1cbce233d912033f5d', 'HSK 6급 단어', '#/entry/zhko/032899b7ba9940a4b4d45d83d913895f', '#/entry/zhko/b06cbc35b4d240c89c644cce2efe4af8', '#/entry/zhko/c2779b82006741e9a583f9ed92f33461', '#/entry/zhko/5ee4a1ebb6304be4882d050bfe9a3451', '#/entry/zhko/aa26c68a2ee3468c9cfb65dff1cb02b2']"
2,提,"['HSK 3급 단어', '#/entry/zhko/52ca726325c643c1bb0f6d59b84fb6ba', 'HSK 4급 단어', '#/entry/zhko/ddde0122861b47dbbbd0dd4b772bba5c', '#/entry/zhko/43d6ce923f3e4f2fb91b0a8e1550c83d', '#/entry/zhko/63011a10b0e0467a8897842b3c296ee4', 'HSK 5급 단어', '#/entry/zhko/50914eb518b1495a84419c46ef38d749', '#/entry/zhko/b305990368b549ce8a7fec0c28ec66c4', '#/entry/zhko/52318934358b49f5987b5f96589b5e75', 'HSK 6급 단어', '#/entry/zhko/80408b8621544ca49024036c5cbf1739', '#/entry/zhko/700bf60768d24a5fb9ed1bc95778c941', '#/entry/zhko/9fb228fe570049ce88851ad7c24d0e8e', '#/entry/zhko/bd878b4e4c6145d78add4afd1dd9b930', '#/entry/zhko/583f039cdb424225a8e2c5979c530c9e']"
3,夫,"['HSK 2급 단어', '#/entry/zhko/b08c12c6d142483ebe422b46bc720caa', 'HSK 4급 단어', '#/entry/zhko/6e0f8219b45e434296be1b5eab9233ab', 'HSK 6급 단어', '#/entry/zhko/52eb3ac5f78848d098339c98a4612647']"
4,路,"['HSK 4급 단어', '#/entry/zhko/cc1ecd47c00a4f79a3a9feabb4d66bbb', '#/entry/zhko/0b132cea0f37404a9b093e1c9112cfbb', 'HSK 6급 단어', '#/entry/zhko/c850413d99e54f02aead7661731ffdc4']"
5,演,"['HSK 4급 단어', '#/entry/zhko/18d28338ad5f4fa18ddc11432c626459', '#/entry/zhko/bdb526981e32480cb1137a05da523881', '#/entry/zhko/bf91ee7d2a174260bc6ba3d266a7fc85', 'HSK 5급 단어', '#/entry/zhko/313dca1eaaa741e9b29a43aab27efc31', '#/entry/zhko/f809c461a20e4238b38a5b9cb5758b39', 'HSK 6급 단어', '#/entry/zhko/950d36cc5def4b36804e4e2dc77b07ff', '#/entry/zhko/5a3c0da0a9fb4d6eb0cc2ae6f1dfc65c', '#/entry/zhko/6cdecdd2335d41c5ba9257916517b201', '#/entry/zhko/31d3d25153084664a3efac0aad232675', '#/entry/zhko/927b7baf86974bf782a1e2a5fc7a54ff']"
6,日,"['HSK 2급 단어', '#/entry/zhko/34ab8a320e0b44fba22de71845937bd1', 'HSK 3급 단어', '#/entry/zhko/62b9f41870fb46948c70f934e7a603db', 'HSK 4급 단어', '#/entry/zhko/f29347cde70a4c8fa17674f1ed5103c4', 'HSK 5급 단어', '#/entry/zhko/c5370cfe63d64029abf863df501ce209', '#/entry/zhko/f8ff8fb99c2e48e9a4fcac80479cd58e', '#/entry/zhko/1d7dcba71941461eb38cb204e14e1bd0', '#/entry/zhko/6f13bf0c64c241308ebb2451413d08e6', '#/entry/zhko/6dcadac24aca494d8753ff7b6fd0eb30', '#/entry/zhko/7251e868c75b4beb9806f9b24f2bde94', 'HSK 6급 단어', '#/entry/zhko/33b2ac6e51a84fa2a8bd8ec9a4f8a91a', '#/entry/zhko/2336af5c58f64d3491c2c74398ace29e', '#/entry/zhko/2811a395ee264a0a85169ca136b69740', '#/entry/zhko/4c4b66b6be94463c8a97640d8cef0cf6']"
7,案,"['HSK 4급 단어', '#/entry/zhko/1c9b39c972804e359058e6a36dd79f5f', 'HSK 5급 단어', '#/entry/zhko/ee6d03c5f4f549a9b4a0097d9231b88f', 'HSK 6급 단어', '#/entry/zhko/2651a27d82ef4b26a3171588e71d1f55', '#/entry/zhko/b31b637736b34f1f933215f53aab647e', '#/entry/zhko/511d46ff389a41e8954fa26960dfdd70']"
8,舞,"['HSK 2급 단어', '#/entry/zhko/5c7044a0875e42e09a3c8b949c62f45e', 'HSK 5급 단어', '#/entry/zhko/96163093e1ba48208f0e6abce1c1e146', 'HSK 6급 단어', '#/entry/zhko/7f0800ae017143c38bf2bfecbb76c41f']"
9,决,"['HSK 3급 단어', '#/entry/zhko/b91762fadec74e9b9b4304d63a0e56dc', 'HSK 5급 단어', '#/entry/zhko/26deae508b2c415fad152b9df27b4b95', '#/entry/zhko/6da517d8a0054ceb8915e67b80fb8d94', '#/entry/zhko/dc60231f6bd442a79704ec42c924fb33', 'HSK 6급 단어', '#/entry/zhko/37615d79f4b44404bcc0e156a398f2c6', '#/entry/zhko/b7f1740b94f944ba930f52f7ec80e1d0', '#/entry/zhko/d4b8cf2571984a7cba527e605bccb969']"
10,求,"['HSK 3급 단어', '#/entry/zhko/8f46e5e163af4a598cdc9d27e9ef39c6', 'HSK 5급 단어', '#/entry/zhko/fc3cd53f8af24934879313e788d6a193', '#/entry/zhko/b0a2a08b83884cf6873104e3c5e506fc', 'HSK 6급 단어', '#/entry/zhko/801d93b4216b49e0af6b17c1208a03e4', '#/entry/zhko/ec0b5f494c6a46f8a32b8c3595dcaf52', '#/entry/zhko/f094ad0b9fcd4521abaf44d17464063f', '#/entry/zhko/550758ab74f7479f99cdac4f7bdb593f', '#/entry/zhko/7941551a4de04c2fb62b46c14c644105', '#/entry/zhko/d0c6be6ccd7b4ad081a2166cdc06ab4a']"
11,约,"['HSK 4급 단어', '#/entry/zhko/5de8619822f7488cb378d668af9c73d3', '#/entry/zhko/b711522c09e4415e9f3f1ac4ef64550f', '#/entry/zhko/08ad65ad70cd49d8b4b5f5a5fffad35d', 'HSK 6급 단어', '#/entry/zhko/04c179253fe84d5b85fdf08ff7391c20', '#/entry/zhko/a411472ec854468c94781eff5eb93fd6', '#/entry/zhko/e7e37d40310f4c5992a6d85502874bff', '#/entry/zhko/7080e75587ba438b8f3d8db4785c1c49']"
12,字,"['HSK 1급 단어', '#/entry/zhko/60cb9650e9e44b26a0fd559efeb85f14', 'HSK 4급 단어', '#/entry/zhko/b3054e5bdf454dffad614bf17bba5d4c', 'HSK 5급 단어', '#/entry/zhko/f83d0a38e6b34b7cbcb0d2e55efb508f', '#/entry/zhko/80b7fcf5e3564468b251ee1c798c9e57', 'HSK 6급 단어', '#/entry/zhko/bccfdaca1dd649dfa4df55a5c8463c6f', '#/entry/zhko/ff71a76aa79345de98fe33a850132a8f', '#/entry/zhko/981b327614de44859637283eb3447ada']"
13,肯,"['HSK 4급 단어', '#/entry/zhko/d880c1bb60c643fcb72deb1a2248893d', 'HSK 6급 단어', '#/entry/zhko/9b09b9898cec478e98009cf1aaa8e9ab']"
14,目,"['HSK 3급 단어', '#/entry/zhko/7d8f6987359a419d903acec3d0835e08', 'HSK 4급 단어', '#/entry/zhko/06b82236e3714ba2bbfd4ecce67225ed', 'HSK 5급 단어', '#/entry/zhko/2085720c320541c38ee3d33a608fe915', '#/entry/zhko/9a1ec2eb56264738bb04451cd3fde79c', '#/entry/zhko/6855a02344434fd4889ba896add85a19', '#/entry/zhko/4fbafbfe41b045dd8c9356fd9a8980cb', 'HSK 6급 단어', '#/entry/zhko/56309044e4c74d7fa95dcb68da8031ba', '#/entry/zhko/872a132da6154d8ab7b724e0c73addfc', '#/entry/zhko/cab30420b31a4b9ead9aaed0b6881797', '#/entry/zhko/e69c300ccc494538af9485c1d273071d', '#/entry/zhko/39dabf76985341ac88c6e8c3f1b18c6f', '#/entry/zhko/af98446f08704a07a53abf8b7d330869', '#/entry/zhko/8f3a04cf1431427e8069393f26fc05fc']"
15,笑,"['HSK 4급 단어', '#/entry/zhko/19843584d27443c1a38562063155c502', '#/entry/zhko/8094c09600d74c2185bc6e0f878b3f9f', 'HSK 5급 단어', '#/entry/zhko/79c02de336224cb1b320a06a030b9900', 'HSK 6급 단어', '#/entry/zhko/5cd66ac6318241aabc6daddb83e20ec8', '#/entry/zhko/dd14d05fba134017be8fabf0e4d5ab37']"
16,伤,"['HSK 4급 단어', '#/entry/zhko/b83d86c5c17d4bd0a7dc731dfe3a926e', 'HSK 5급 단어', '#/entry/zhko/8f205a3b3d474dc38c80bf4c46f3034e', '#/entry/zhko/994d1c4dcbe04f7091f42bf3490e9354', 'HSK 6급 단어', '#/entry/zhko/4243d66559e04325a409a24f27f02368']"
17,神,"['HSK 5급 단어', '#/entry/zhko/55dd415be8d24e958c6cec665fdbdb98', '#/entry/zhko/b54ec2733c2a4161a8101381b4e1d726', '#/entry/zhko/25b860f46f6e4982a9062e628a54375c', 'HSK 6급 단어', '#/entry/zhko/a044fca83bce4eed8ea08a372e107b41', '#/entry/zhko/d438dd551b274fb8ae8326ca2be78a2d', '#/entry/zhko/3a411fa0aca6420fa8e74905411cb057', '#/entry/zhko/42dca3d364de4edbbc84529567353ff6', '#/entry/zhko/f64e9599babe4cd58c87cf0b6ea726e7', '#/entry/zhko/120eeb11f09c454abc8b9e7dc8ca454b', '#/entry/zhko/720913bb3e9b4e86a8a965414f0fc262', '#/entry/zhko/4a9d3ab2078d4e688bf8956aa7f1ba50', '#/entry/zhko/cacb0ea092d4469cbd75662517cbc0c1', '#/entry/zhko/ee26fcac33934213a1bd9d626247fe12']"
18,父,"['HSK 4급 단어', '#/entry/zhko/772e2978ebb34d97a914a4f69b91052c', 'HSK 6급 단어', '#/entry/zhko/79fc83d350a549fba08d23324f26bfab']"
19,指,"['HSK 5급 단어', '#/entry/zhko/7fb13dfd6a6f482e8935c2ab246f92f4', '#/entry/zhko/c79e8bad4ad447db911a786a8e829b8d', '#/entry/zhko/d4067a9253034906a9dfaad9f92b57ef', 'HSK 6급 단어', '#/entry/zhko/9c8c8865cbe9468580b78bbb0820852b', '#/entry/zhko/ea97a42ffbc74b20ab84c36457670589', '#/entry/zhko/deb7250c7cfc4c5ba7edf2bd1cbcd0eb', '#/entry/zhko/f2b8aaf0b6b24d3090766d9608b4f412', '#/entry/zhko/3416b899a839420694d7b7feae33be10', '#/entry/zhko/9228a017b0ba46e38eaefc5555a339ea', '#/entry/zhko/8744ebc821054e2982f7b292dda3cc20']"
20,报,"['HSK 2급 단어', '#/entry/zhko/160237cf754042628b8e97d2fbdf57a9', 'HSK 4급 단어', '#/entry/zhko/54304434c9bd4a64bf59b933c364c8ef', 'HSK 5급 단어', '#/entry/zhko/2fcad871287e4719b7bcb0cd74a38d93', '#/entry/zhko/6a8e9e46e9c144bda0baf10ee9eb8d1d', '#/entry/zhko/44d86935de894a95a490ce8b4fac130a', '#/entry/zhko/afeb16c049a44031bdd25a2134f52180', '#/entry/zhko/cbe95d6d70514366833d96a9bac26b74', 'HSK 6급 단어', '#/entry/zhko/07f3db3e77064472aff966097b663f9a', '#/entry/zhko/73f8c96b1680431d9ebf90d364f33f9a', '#/entry/zhko/8dbc570607034abd8c3e91b8bfb3a4bc', '#/entry/zhko/bd550c79fb8744a1a3a6ce9486a585ad', '#/entry/zhko/d869f270f6554690a6cc283a112f5d79', '#/entry/zhko/007951745d774d52bbdf566409030c49', '#/entry/zhko/38436f30b18d4be78c49c5df839de148', '#/entry/zhko/f0a1bfa5bcfa440d97467f51fccf6541', '#/entry/zhko/01c18b561a8e460097d21ef589ad3672', '#/entry/zhko/de5a1420889b41b5837e2cb253182354']"
21,留,"['HSK 3급 단어', '#/entry/zhko/f18e571fb9c840f8a23a25a71f942eee', 'HSK 6급 단어', '#/entry/zhko/828833ffcf0d4fb38986cb211bd03781', '#/entry/zhko/8ad46e8ff92041a1b9d16db0847832b0', '#/entry/zhko/bf95c73e357a4531a01c08ec496da68c', '#/entry/zhko/120eeb11f09c454abc8b9e7dc8ca454b', '#/entry/zhko/7f4961a5b6b44959a35ccecadeba9c2c', '#/entry/zhko/fc149582935448f6a55090fc3030aa87']"
22,水,"['HSK 1급 단어', '#/entry/zhko/e6d1447d93df4350a67765d2d803ff87', 'HSK 3급 단어', '#/entry/zhko/6aa80a703ec24cd7b26b2d9d09651810', 'HSK 4급 단어', '#/entry/zhko/b4a69be1f42648c5a00f490cab7de7d3', 'HSK 5급 단어', '#/entry/zhko/489a52a4339a44f4a4eb5e8b3e1cbe3d', '#/entry/zhko/bb67b0d819a14107a9be1aef3f9ab3f1', 'HSK 6급 단어', '#/entry/zhko/5dece0e610c9440793185fb43068768b', '#/entry/zhko/6ffc2cf2f0f942d6adb153abe38c3323', '#/entry/zhko/68799790e0d346c1a01ef0fe6e9f5508', '#/entry/zhko/79cecf595f83437ca0ae59f523f8218f', '#/entry/zhko/cea530cf48d14ab481b3cb9fe08d6fc1', '#/entry/zhko/d0504443e5014ec6be18d46c6745a01a']"
23,清,"['HSK 3급 단어', '#/entry/zhko/e2f5252273f9420986311d3124a7c4ee', 'HSK 5급 단어', '#/entry/zhko/7a58dccf7f8a491c87beee32d1904c77', 'HSK 6급 단어', '#/entry/zhko/3853f8fbe9ca403ba7fcb58d3d353e71', '#/entry/zhko/7a85ddce42ce442ab3063c6656e52adf', '#/entry/zhko/7ea86732ff064ad08a670edc4e70134c', '#/entry/zhko/17935473e3904018892ca1a00cc75653', '#/entry/zhko/860216e55712466ab6069d627d5447b1', '#/entry/zhko/b5c196f9388c43359759e8c30f35f9ad', '#/entry/zhko/08888a10f5c04577b382d89cf3c760af', '#/entry/zhko/21b37aa0730c4fc8a164856ab2e7df44', '#/entry/zhko/ef3465c6f8174978aca6ab1e1b55c291']"
24,色,"['HSK 2급 단어', '#/entry/zhko/5ffb72392de240d2867fa79c969afe1f', 'HSK 4급 단어', '#/entry/zhko/f167b9c261e44b88b14d2841176ada3d', 'HSK 5급 단어', '#/entry/zhko/c42f571230814acba719d476a3fc23bb', '#/entry/zhko/d5770f05c18947ba9a395add45c4b3ca', '#/entry/zhko/71e58cd356aa406f9576fb761453f925', 'HSK 6급 단어', '#/entry/zhko/c35e1d52a8584a0d8cba903fc37670fd', '#/entry/zhko/f477f67c5313460eac0e18c975ed0082', '#/entry/zhko/e9a2f42b3e414f5bb4d8171435d409aa', '#/entry/zhko/bb4bae0281154e76ba9e66623fb65892']"
25,号,"['HSK 4급 단어', '#/entry/zhko/d6c8450709e34f999f11fc44d0bba315', 'HSK 5급 단어', '#/entry/zhko/4a70f32c63bd49b28e552f803da812fc', '#/entry/zhko/f06c7ebb98c548718299373d440cd006', 'HSK 6급 단어', '#/entry/zhko/3d90c7c63e1e431b8e99628f03edd0a7', '#/entry/zhko/7695a34ec6fd46babca661136994f560', '#/entry/zhko/6102de6886ec46c0b9a176f0829d16cc']"
26,世,"['HSK 3급 단어', '#/entry/zhko/ae4048857d3b4c7081fc099633e95853', 'HSK 4급 단어', '#/entry/zhko/d7220fcc94e242e2b13273e33906c40e', 'HSK 5급 단어', '#/entry/zhko/ba9da45850214b758dba5202464bbffd', 'HSK 6급 단어', '#/entry/zhko/e69c300ccc494538af9485c1d273071d', '#/entry/zhko/fa021709d01a459183da4a3a192199cf', '#/entry/zhko/c52607d0a89b4fb78862cd96f4e26f76', '#/entry/zhko/6107ce54920044429883e9036f92d822']"
27,远,"['HSK 4급 단어', '#/entry/zhko/522669b5d98c4a39841f8b336d09441f', 'HSK 6급 단어', '#/entry/zhko/e9ae4a74e74341f8bde73bd7730615ce', '#/entry/zhko/467e461e069e402780b790adcf120388', '#/entry/zhko/f0c765d37f1c419dbed9cf63a06600b6']"
28,片,"['HSK 5급 단어', '#/entry/zhko/6b2c969520aa4758a07964e7f52d3be7', '#/entry/zhko/eeb43d3440534e45acd94c3b73a6cd20', 'HSK 6급 단어', '#/entry/zhko/42098554f7f343999e9c6d9fec909985', '#/entry/zhko/81a0aff6475c4df1a574b8870c971bcf']"
29,官,"['HSK 6급 단어', '#/entry/zhko/185cb4c9c2634c8a876dae152a8f8d2b', '#/entry/zhko/7bef602ec4e5405ebd14c6e95386ac30', '#/entry/zhko/b6e67f6621d447d685c00d3b7e4e840e']"
30,口,"['HSK 4급 단어', '#/entry/zhko/9aa2371c76d240058aad2dd27dc0c4c3', 'HSK 5급 단어', '#/entry/zhko/7fdd1ff946bf4a94829b205a8b27e62b', '#/entry/zhko/a73a16ae000c43a7bc029968f586d63e', '#/entry/zhko/d8ce92799a504529b2f294401fdaa859', '#/entry/zhko/1834118410274d6ea66ae8ba7e968dec', '#/entry/zhko/837ef5fa6db040d5ad6750b2207b2ddb', '#/entry/zhko/a18e9a71e3714c02838723df92a59c5e', 'HSK 6급 단어', '#/entry/zhko/0431583d504b4bf4a277c71c201819f7', '#/entry/zhko/71e73ae45ea04f50ab1dd4e53ea02705', '#/entry/zhko/24d60c7b178a453fb0093d1ed3d4b598', '#/entry/zhko/521d8b6553034c138c1410c1d91a994e', '#/entry/zhko/990471644009439fb05c0dfe62e683ec', '#/entry/zhko/ee9db2c8707b484dab5e1e35cf330477', '#/entry/zhko/fcede20620d14fb091a9270bcd11ba9e', '#/entry/zhko/59dcd1cf0cd0460dac9f3af8f0289e42']"
31,师,"['HSK 1급 단어', '#/entry/zhko/0b4f3a75c9384a2188c67e443a9a68df', 'HSK 4급 단어', '#/entry/zhko/ab913f507efa481f834f9483234f4a15', 'HSK 5급 단어', '#/entry/zhko/a540d332b59e4091a7a9eef67bc1b183', 'HSK 6급 단어', '#/entry/zhko/291325ba4ef442609d60f275414e45b1']"
32,原,"['HSK 4급 단어', '#/entry/zhko/4872116d0c58413dbc978b3469a7b40e', '#/entry/zhko/4f010a0b382e48d68eb27dd5936baf61', '#/entry/zhko/8254ddc87904422dba97092e083c1f87', 'HSK 5급 단어', '#/entry/zhko/7c6a295977e6494387373cbb34efe072', '#/entry/zhko/578abf19920b4623a0f1905cd5e8ccb9', 'HSK 6급 단어', '#/entry/zhko/1e355d6bbb1f4809bd45346a5404eca4', '#/entry/zhko/23c42fd5cab24be3a1ec9de9d24a1dd5', '#/entry/zhko/6ab3d3d4a9cc4d2ba9f65a9d8ff3649a', '#/entry/zhko/0fd48acda46f442ebe857197c34552b3', '#/entry/zhko/5deecb2fc3d6496886cc0423b620eaba']"
33,酒,"['HSK 3급 단어', '#/entry/zhko/3fd552ab6be94b7a9bd3fd90df9eb260', 'HSK 5급 단어', '#/entry/zhko/22938c876ead490c8cf987bf272ed265', 'HSK 6급 단어', '#/entry/zhko/38a2dc125d5f4c698f898cce7f88e4cc', '#/entry/zhko/fb07b037fa074891be501997a0481984']"
34,周,"['HSK 3급 단어', '#/entry/zhko/c53435433e1c41dc8277c6591adfeb56', 'HSK 4급 단어', '#/entry/zhko/433884d5e5b44a02b33d5667fb39dbc1', 'HSK 5급 단어', '#/entry/zhko/7aab6b7be44e4691a076135452158d39', 'HSK 6급 단어', '#/entry/zhko/6632567cbe0a4e0c85f224f7bf3f83a6', '#/entry/zhko/610a34fe55b640809db81a1414a6e996', '#/entry/zhko/a83800da43b741fba21df46258dc0502', '#/entry/zhko/f59553e83bf8441a9b70cc72043eb90d', '#/entry/zhko/46ccced7931a49eca9e4f49566ec349e', '#/entry/zhko/b3baa1a3081e40acadedce096fb585a3', '#/entry/zhko/da3cf2df3afd47c2bbbf37c71c751899']"
35,星,"['HSK 1급 단어', '#/entry/zhko/c202b65ab2b04646bd90bd7bad00aea2', 'HSK 5급 단어', '#/entry/zhko/57b6d821b45c4b60b89742b2f799e439', 'HSK 6급 단어', '#/entry/zhko/22f9a79bacf24628af6ccfd37cac70e1', '#/entry/zhko/eaade97be8ac4114a8b6ef3d63975f39']"
36,识,"['HSK 5급 단어', '#/entry/zhko/00bbd79976fe4efb87ad11f23f7b4e36', 'HSK 6급 단어', '#/entry/zhko/4b8b9082a6714660855515af640ed365', '#/entry/zhko/a6d51ddf93de4eeb86a24b54ac2b9ac7', '#/entry/zhko/21016d8ae4274902a410d709baf8d6c6']"
37,赛,"['HSK 3급 단어', '#/entry/zhko/187ed4db6ea14f2eadf14fa4ecd7ca5f', 'HSK 5급 단어', '#/entry/zhko/6da517d8a0054ceb8915e67b80fb8d94', 'HSK 6급 단어', '#/entry/zhko/8cdb19f281234473a317102133238722']"
38,救,"['HSK 5급 단어', '#/entry/zhko/51127f84e2e246c9be924b4ed765016b', 'HSK 6급 단어', '#/entry/zhko/8e3869c062d142949b722e9f88bb43f9', '#/entry/zhko/0ccac1907a1c49ec80f99e8a54ebefbd', '#/entry/zhko/e4788ca1327a4d88b0c523bf0ec1aade']"
39,底,"['HSK 4급 단어', '#/entry/zhko/f8fbfbed41f04317b9bc24f87944d6d3', 'HSK 5급 단어', '#/entry/zhko/6340d3b4bb7548f48ba7a4152c2956db', 'HSK 6급 단어', '#/entry/zhko/967c391d44c74fb090ca78803bffdf37']"
40,棒,"['HSK 6급 단어', '#/entry/zhko/41a502f266054a56bcaeebea46fd7799']"
41,须,"['HSK 3급 단어', '#/entry/zhko/6a8df52ff2f0451fb923be5ab2d71c04', 'HSK 6급 단어', '#/entry/zhko/7b721d650b4547ad9ca031cf566cb4b8', '#/entry/zhko/41f57f61f4ef442fa234c906c2f25270']"
42,收,"['HSK 4급 단어', '#/entry/zhko/111eb5c38cf84559a66bb374a5d65a60', '#/entry/zhko/9c7fbde5d69d42db900a962ff5a0fae2', 'HSK 5급 단어', '#/entry/zhko/4fe60033175b48e98105751b60967a56', '#/entry/zhko/69c1a600286e49d1b059353375d682ab', 'HSK 6급 단어', '#/entry/zhko/fc2fe184e2a946408530a51d28012249', '#/entry/zhko/0e15b73201204ecc93515dfcae4fda4f', '#/entry/zhko/c261630eb8b14a7f8731dfd558f90034', '#/entry/zhko/33fb4828479c4629b4e9aa2022b54689', '#/entry/zhko/a4a63e6490dc4747b5a4fbccf5dd3176', '#/entry/zhko/8e7dc71eb8474365a25e83cfed935e77', '#/entry/zhko/a610cb647cde43df894ab5c99e206814', '#/entry/zhko/ae16bfc029294412a7f0be38d53d59f7', '#/entry/zhko/0d1b5da6dbee4c9fb22d98b17375bfa3', '#/entry/zhko/b9493fd9508842aea3eceaaeaf5ba9fa']"
43,交,"['HSK 4급 단어', '#/entry/zhko/6e2108127d274b3b8424dd12a9666331', '#/entry/zhko/e876f975534a47d4b799f559d4eb538f', 'HSK 5급 단어', '#/entry/zhko/631788ee4008445ab553d5065d8d444c', '#/entry/zhko/2c7fb995cadc49f7bfcb4a3a1c7c0b76', '#/entry/zhko/3956e68bdea34f399a7d822f0873f5ef', '#/entry/zhko/00555358027d4d8fb9a847bd01bb5079', '#/entry/zhko/5ced1f6e6607417ea22cb2dcc3c28b0b', 'HSK 6급 단어', '#/entry/zhko/7a94bc33125844c8b2389d8f1d5bed34', '#/entry/zhko/191c0bb5320642f6884240587397693c', '#/entry/zhko/8afb105cb0254a6bb63c3f99acdb3b9c', '#/entry/zhko/f1759bd216594038a6f204b6ab44d63d', '#/entry/zhko/fb9c3d54e3ca42d989338c0ab2c45409', '#/entry/zhko/864c683d6ea84efda7d9687bec9ec6c7', '#/entry/zhko/fdd7720faa034d408bdc645ea8ab822f']"
44,坐,"['HSK 4급 단어', '#/entry/zhko/eebf1265b57a4c89af77b13d18ab179b']"
45,停,"['HSK 6급 단어', '#/entry/zhko/df61311dd2594d7d80a8db28595c9a37', '#/entry/zhko/08075e898af94f5f8335db911a759ed5', '#/entry/zhko/407ddbef61de42148d54a2e9c0d87a3d']"
46,卡,"['HSK 3급 단어', '#/entry/zhko/6a1f53511b974bf2a2d1feab0451df4d', 'HSK 5급 단어', '#/entry/zhko/e382d32857e84027b2de5ea36bf77036', 'HSK 6급 단어', '#/entry/zhko/e39302153f764b3eac2918051838d961']"
47,婚,"['HSK 3급 단어', '#/entry/zhko/52cfa1c4690d4be291b9878eaad3abc6', 'HSK 5급 단어', '#/entry/zhko/75814b4d56854d9db2faf918388f8821', '#/entry/zhko/ae83abee82fe4ca180533ae2aa5e7770', '#/entry/zhko/b8be9d29108f454ab5bdecc6b6a13594']"
48,格,"['HSK 4급 단어', '#/entry/zhko/227918ff8de44e25bba992d5f4167d03', '#/entry/zhko/8298eaa9009e4eab8acd986af869b8ac', '#/entry/zhko/991eeac29d4a4ef3915f98d0db02c281', '#/entry/zhko/e8b565725aaa4607b299c25c38f09b94', '#/entry/zhko/ef01126cb77e4a81a5f1081dbe16976a', 'HSK 5급 단어', '#/entry/zhko/7b1821b14fb1443c8d54541630f35ad9', '#/entry/zhko/d2207e8a02324f05a4cbde77f50fad93', '#/entry/zhko/0b32f627e647430da555db9f7865b6e5', 'HSK 6급 단어', '#/entry/zhko/78101da71ffa403c91f18eda49ecb357', '#/entry/zhko/cff42481faaf4e3298b702734a22939e', '#/entry/zhko/3865ab3109704c3a9c4e5a787261fcaf', '#/entry/zhko/1d246770024747329c11ab78f2e124d0']"
49,眼,"['HSK 2급 단어', '#/entry/zhko/248e1756bd2b481888493bda94b8ab5b', 'HSK 4급 단어', '#/entry/zhko/71db347822c545fcb7f5efd3afdb9f6a', '#/entry/zhko/d431d2b475614978945204bee083bb9d', 'HSK 6급 단어', '#/entry/zhko/d438dd551b274fb8ae8326ca2be78a2d', '#/entry/zhko/dfc0c77848984c3ea3e71f025b340549', '#/entry/zhko/a46c7e4e262742df925e12bca55e8165', '#/entry/zhko/58b3375abe49470a9ca75ce657d5a3e3', '#/entry/zhko/bb4bae0281154e76ba9e66623fb65892']"
50,金,"['HSK 4급 단어', '#/entry/zhko/33feefdc8bb743bb80201c6dfac1c9e5', '#/entry/zhko/fdb8e75cc3b04df780658adcdffa1594', 'HSK 5급 단어', '#/entry/zhko/e2268f10019d4e6694297c669c752eef', '#/entry/zhko/a584a6c4cb3e4a20bf214fd92a1f3fa3', '#/entry/zhko/088a209bfc5640a6a63032e98e321c2e', '#/entry/zhko/91c2394205b84342a88a1c86a82263eb', 'HSK 6급 단어', '#/entry/zhko/4edf475691d84bfaaf6ad97d302d2bc8', '#/entry/zhko/5792a39dc18741bebcbb7ea80814965e']"
51,蛋,"['HSK 2급 단어', '#/entry/zhko/b80895096fae489a8e365f5f997dc1c3', 'HSK 3급 단어', '#/entry/zhko/9ce5e73f8bf849b8a72126c81be41fa6', 'HSK 6급 단어', '#/entry/zhko/d23ac225e0a3431fbcd5ba158e5913d8']"
52,息,"['HSK 5급 단어', '#/entry/zhko/f48c396a17e043ef8dd80e0ac77dbf08', 'HSK 6급 단어', '#/entry/zhko/ab0d748a2a1046b7ba9060466ffbd83e', '#/entry/zhko/070e15fb468544b0ad8cbf6340df99a0']"
53,室,"['HSK 2급 단어', '#/entry/zhko/c2984d94b4784422afc90f9e35be98f6', 'HSK 3급 단어', '#/entry/zhko/c4167e91d405478ba5457cb4002751d0', 'HSK 5급 단어', '#/entry/zhko/d0a93a6296cc482a8123f9d4e0a9fcd8']"
54,内,"['HSK 5급 단어', '#/entry/zhko/9c8258ff7b1b491da7726c80a6612464', '#/entry/zhko/6432498e6ffd4df9a182caed0b7a2e2e', 'HSK 6급 단어', '#/entry/zhko/f316de28ee2342e1b3891caff822012d', '#/entry/zhko/dfacbffcfd2141ac882f34c50a64dcb2', '#/entry/zhko/17a529f6670e4d19b3e452c286df6df9']"
55,运,"['HSK 2급 단어', '#/entry/zhko/411d63495ddf4ebd8df2212e148c3c3d', 'HSK 5급 단어', '#/entry/zhko/10dc9e125a0e461cad6b1485d161a8fc', '#/entry/zhko/269984ba77a0481d98d23039bfbd36bf', '#/entry/zhko/809e69654378499d8a38d535c0a6726a', '#/entry/zhko/00d2d0e745654af28795fe588dc36d0e', '#/entry/zhko/a6027e9d8cde4dcbae4af1df18653b8e', 'HSK 6급 단어', '#/entry/zhko/c1ed402debf94d569abf3cddfd4320d1', '#/entry/zhko/17c85ca47698449db8b03db4eb1d3eb9', '#/entry/zhko/117d61ace1fd4d4e9f572ba20805e89b']"
56,根,"['HSK 3급 단어', '#/entry/zhko/eeff0dc819f04e55a1c181e634f25bc2', 'HSK 5급 단어', '#/entry/zhko/97309dae0449408bb24a19ccc81442c4', 'HSK 6급 단어', '#/entry/zhko/a5f1d0840ed74263a5edb79772c7ca95', '#/entry/zhko/967c391d44c74fb090ca78803bffdf37', '#/entry/zhko/d41ebbc0b71c454f8ea210b9f40cd0a2']"
57,单,"['HSK 3급 단어', '#/entry/zhko/2aaa11e6d7744cb7aa918d8f1ebec66b', 'HSK 5급 단어', '#/entry/zhko/993020875ad646a5927450a84bf22822', '#/entry/zhko/98e417a1032f4082a61de7f7ceaa8986', '#/entry/zhko/d358de12f99d4907a27c97c791020552', '#/entry/zhko/477a07a6d582488e95646fb7cf26d612', 'HSK 6급 단어', '#/entry/zhko/69b12e8666704e07b38c67528de914bc', '#/entry/zhko/5c49e67f6ad44a75a53728a85cb5e8a4']"
58,宝,"['HSK 5급 단어', '#/entry/zhko/824c739b45e44cecb46ec92b7ac1be60', '#/entry/zhko/ca97f72707f14a528ac26f027e8187cb']"
59,哥,"['HSK 2급 단어', '#/entry/zhko/ed3ccd52d9044b018f4133f068f9cdae']"
60,张,"['HSK 4급 단어', '#/entry/zhko/d4876c5b9d3845ce83a791d7d80f8deb', 'HSK 5급 단어', '#/entry/zhko/a5214010320c4959938d0c9931fcd532', '#/entry/zhko/21a906bbad77483b9818bc9d7f6e1e5d', '#/entry/zhko/f5343e04881f4bf99ff152fb9c2967df', 'HSK 6급 단어', '#/entry/zhko/578407d617c840cab3a0140dfe4ffc68', '#/entry/zhko/9e1bf5feb2d940bfb3ff2baa9c88fd5d']"
61,战,"['HSK 5급 단어', '#/entry/zhko/4d02d008e9db4553a803d7c696b40c7a', '#/entry/zhko/0ef949f78c014abc9b6209b4d531d1cb', 'HSK 6급 단어', '#/entry/zhko/362d38784d694a31a9c2dcf7d6fb4375', '#/entry/zhko/caf7cf18af4940989ac012c5bf6a0b0e', '#/entry/zhko/624de2baba6c497d8300445734d63eba', '#/entry/zhko/09fc07538b824bee90f38c1a46804ada']"
62,火,"['HSK 2급 단어', '#/entry/zhko/b169885fa1bc4f98aaf14c8cb1ab53ca', 'HSK 5급 단어', '#/entry/zhko/a0c8d7e704194e43b9d21c7b24607423', '#/entry/zhko/5e54569ed4e64b2e849e5c37e1dd8a00', 'HSK 6급 단어', '#/entry/zhko/67eef0e2e1b54a71ae5ca665c5ba40e8', '#/entry/zhko/e36234e13ecd4fde9cc55bb8a5d708cc', '#/entry/zhko/1f0649e2d3ae42fb857e65922cbbe322', '#/entry/zhko/30aeea6cfdbc486094db48082ffad858', '#/entry/zhko/235e6a4ccd6a412683afa358bb15fbc8']"
63,至,"['HSK 4급 단어', '#/entry/zhko/48d77bcb361c4852b1e4eb0d5fad998e', '#/entry/zhko/0f9e0a40e17c4e298b93344ca0042d62', 'HSK 5급 단어', '#/entry/zhko/15bbf64d11424d16802fb7ea5ad3aad8', '#/entry/zhko/4f009fa491834d91b527801783f2cddc', 'HSK 6급 단어', '#/entry/zhko/d2484e8f191f475280bdfff2c9a6f55a', '#/entry/zhko/60b1fc37dd2c45c98d869e5d712f1eed', '#/entry/zhko/dae5244fdc514711a7519ce41f82d2e3']"
64,万,"['HSK 4급 단어', '#/entry/zhko/0d1678e9c85c488aae1f8b87b02e3b7b', 'HSK 5급 단어', '#/entry/zhko/127a699820794e9b8f843887197b730f', 'HSK 6급 단어', '#/entry/zhko/0e3550d907be4f1285d5677ac6d5867e']"
65,声,"['HSK 3급 단어', '#/entry/zhko/ca5e19672a0249e49e231569211e9583', 'HSK 5급 단어', '#/entry/zhko/a437877cd9a243dd938559cd8ea44a98', 'HSK 6급 단어', '#/entry/zhko/e482bc4b976e48c6b12410552864a544', '#/entry/zhko/b8b4aa5fcd8445d1a27ddc0dc4e0f198', '#/entry/zhko/6dfd73adb5bc4b2db6e3886cd3959e30', '#/entry/zhko/2ac1fc4ac7c645cc9ad0c93603d5548c']"
66,布,"['HSK 5급 단어', '#/entry/zhko/16c2b178352541239aad4a13f703cf18', '#/entry/zhko/a2582e309d0d4400b5418dccd5365e5a', 'HSK 6급 단어', '#/entry/zhko/de8fc7f724524a7fba7d4deee4d85e7c', '#/entry/zhko/98269f1f10e14482b73ebe95e2858588', '#/entry/zhko/1003d4fbeac347a2ac9b79fe3d0dfa77', '#/entry/zhko/626108da76c245ebb6a936ba80160cd4', '#/entry/zhko/1e72d8b3993c4fa9ac72c43ee9deef70', '#/entry/zhko/a5efa6e4dd1640e597cebdb857b3f3d1', '#/entry/zhko/c26d87605987484c80576c9c3dccc40a']"
67,音,"['HSK 3급 단어', '#/entry/zhko/ca5e19672a0249e49e231569211e9583', '#/entry/zhko/7494bd45b75d4f89abe8014af7bc446b', 'HSK 5급 단어', '#/entry/zhko/2571a9581a484ba3b6471eb79219f883', '#/entry/zhko/66af818d451443139b2d86ecd758a9a3', 'HSK 6급 단어', '#/entry/zhko/149d77df476142ccb9bbcf61f14d09e0', '#/entry/zhko/a610cb647cde43df894ab5c99e206814', '#/entry/zhko/ee9db2c8707b484dab5e1e35cf330477', '#/entry/zhko/f237d87be47c4d0bb519329c69ec82d2']"
68,期,"['HSK 1급 단어', '#/entry/zhko/c202b65ab2b04646bd90bd7bad00aea2', 'HSK 4급 단어', '#/entry/zhko/70fbff97c4f14c01b4b32cfbc4adf814', 'HSK 5급 단어', '#/entry/zhko/b72d2cefd44c488a8fb4452500af5a23', '#/entry/zhko/7251e868c75b4beb9806f9b24f2bde94', '#/entry/zhko/b051bed643d247c790c922228126de39', '#/entry/zhko/7c80b2e9f02e4fe48e4da126508704ec', 'HSK 6급 단어', '#/entry/zhko/4f94331ce35745758590ea2cbc837ba5', '#/entry/zhko/46ccced7931a49eca9e4f49566ec349e', '#/entry/zhko/d0bc19817c79497a861f719e4623b8c1', '#/entry/zhko/dda7b73730944ffebacaa14b199910ed', '#/entry/zhko/12fefea3dfea443a82b07332b3bb4452']"
69,条,"['HSK 4급 단어', '#/entry/zhko/38351ab8ae5d4e8694b4b97a40b23b47', 'HSK 6급 단어', '#/entry/zhko/25176a7f340744aa8740251968c0d150', '#/entry/zhko/6412d1365fd144939535de5b582d857f', '#/entry/zhko/4ee7a9201d584187837e7648be8ebbe1', '#/entry/zhko/7080e75587ba438b8f3d8db4785c1c49']"
70,消,"['HSK 4급 단어', '#/entry/zhko/124eefcf648a4610a2c3d6c31e96bc7a', 'HSK 5급 단어', '#/entry/zhko/0e3a8a7565f94c45873ca6300abc7ffa', '#/entry/zhko/e5a06090386b456191d09d7737a6bb8e', '#/entry/zhko/1aeb4f8450b24e7a975831d650383802', '#/entry/zhko/727205bf500c453aad70d8acec5d03c8', '#/entry/zhko/d08e4696e03541e281f2234f5b310057', 'HSK 6급 단어', '#/entry/zhko/d54ec1be07504571851d0b6fcadf6634', '#/entry/zhko/883132fd56cf4b93a541a35f8ec63b6f', '#/entry/zhko/5b0ea8939bae48b69ddb2cd00e7cecfc', '#/entry/zhko/7543b67245954f74a1052ba675dd1a79']"
71,病,"['HSK 2급 단어', '#/entry/zhko/3df35dc21d5e41c6ab0cd8e99e8efa5d', 'HSK 5급 단어', '#/entry/zhko/415126d576724b2e88721bf0ed6016ec', '#/entry/zhko/ff0a9f51ad404786953d7e3700603772', 'HSK 6급 단어', '#/entry/zhko/62dc0c34d1da47d18f781edd0bdd8959']"
72,整,"['HSK 4급 단어', '#/entry/zhko/6b9b989c5ad34c2bb7f02654935079c9', 'HSK 5급 단어', '#/entry/zhko/8f89072bda27495e95f026f583cdf395', '#/entry/zhko/7bcf623a885643ae928a35ff6aaa0c87', '#/entry/zhko/c6c0745dc9bc42a5a64eb761de0777e7', '#/entry/zhko/34fe131993f94d0fb76c6266ac4a798f', 'HSK 6급 단어', '#/entry/zhko/2e73be0b7ef2419d9f2ae97550245a35']"
73,奇,"['HSK 3급 단어', '#/entry/zhko/d7034f03102d4829bbda81148fdd28f5', 'HSK 5급 단어', '#/entry/zhko/1259483fd14a4ae1ba0b36831ac8fc14', '#/entry/zhko/72f7fb57f83f496dae3a9d3a79752412', 'HSK 6급 단어', '#/entry/zhko/f3bfd72c3a5b4c4b9bf90f4c07ea8001', '#/entry/zhko/720913bb3e9b4e86a8a965414f0fc262', '#/entry/zhko/e9e1e2374a4a428c88100baa32a7dd4e']"
74,弟,"['HSK 2급 단어', '#/entry/zhko/f415b783ef764272a315fa08ad067175', 'HSK 5급 단어', '#/entry/zhko/55554d8145904a8892839a7d5c04f33b', 'HSK 6급 단어', '#/entry/zhko/b7c895c825f046c2aeced73114dfe6a2']"
75,犯,"['HSK 6급 단어', '#/entry/zhko/2f590b71855146faadf788c696a8e71e', '#/entry/zhko/c605d5d39a8b447885994fa25cc54a1f', '#/entry/zhko/9d952568fe574f64941373f09176a387', '#/entry/zhko/200e2f5dd3f2486fb4b97ac552959068']"
76,装,"['HSK 5급 단어', '#/entry/zhko/17e596b04192478f836462fc544f3284', '#/entry/zhko/68938e9dafcc433fa6db4c33f8ffe0c6', '#/entry/zhko/727805385ab1421ab16bdd2e64d40cc4', '#/entry/zhko/7c33f2139ba4494a93e8111cff0c4210', '#/entry/zhko/52a942feaf1c4222944741701ca50aa6', 'HSK 6급 단어', '#/entry/zhko/4e66483af5064ad797fe6b602bb34540', '#/entry/zhko/f0bb739364684f669be034a9c19caa95', '#/entry/zhko/b3bbbfbaff984ae9a91485a4677a8c64']"
77,贝,"['HSK 5급 단어', '#/entry/zhko/824c739b45e44cecb46ec92b7ac1be60', 'HSK 6급 단어', '#/entry/zhko/9af203ba76a148ca93abb7f4bd91306a']"
78,怕,"['HSK 3급 단어', '#/entry/zhko/5617dd8fb982426d9fab96aad893c522', 'HSK 4급 단어', '#/entry/zhko/19268208ca1d4a3a90b53ed09c2887aa', 'HSK 5급 단어', '#/entry/zhko/c1c523f6df9f4419893e1e3bfdc0bb72', '#/entry/zhko/c21835da9e91453893845d484d6046a5']"
79,送,"['HSK 6급 단어', '#/entry/zhko/89268ec8a3524b7c9e191599f9abb5cc']"
80,护,"['HSK 3급 단어', '#/entry/zhko/9bd4f2a3bd4e425dba1b7aaa30ef9ea9', 'HSK 4급 단어', '#/entry/zhko/82817a4625f64fc3b73dcb198be8b2a7', 'HSK 5급 단어', '#/entry/zhko/5a26bfd2036647feaae9e9bc1ba7d27c', '#/entry/zhko/51127f84e2e246c9be924b4ed765016b', 'HSK 6급 단어', '#/entry/zhko/f836190197c347f1845876efd5fe508c', '#/entry/zhko/633fdfb011bc4b4c9952bc3942f5eeb2', '#/entry/zhko/d6f1134f599f4ea88aa7e445be5ee510', '#/entry/zhko/55a20091435542eba1f7b637d959edaa', '#/entry/zhko/eb1c2c73435042d8b3d33f88ff8be419']"
81,度,"['HSK 4급 단어', '#/entry/zhko/9747d7e4d269420d909f76a3d941c998', '#/entry/zhko/c67ef7ad65f04444b0c6ff54fc4d1257', 'HSK 5급 단어', '#/entry/zhko/7d6dd82a74be4159a79cd3c7db0402dc', '#/entry/zhko/156ab0b643584e78b42a4c7ab867cb32', '#/entry/zhko/56127394e0a5415fb9e73edd2cb21a1d', '#/entry/zhko/c68b200434bb49aea462f772e77d32c6', 'HSK 6급 단어', '#/entry/zhko/989b2ad1f68d4eabae590e930ccc312f', '#/entry/zhko/8e0cabb8067042538f9d696d9070bef3', '#/entry/zhko/f489a2b0c94c4c1eaccde0eebf933074', '#/entry/zhko/24ff0ba863ad465d8c58b01c43ed2f5b', '#/entry/zhko/6c53d46c41b94df6812bc10104c14165', '#/entry/zhko/00e2495d185b4b1f98bf49baed86a423', '#/entry/zhko/59e0236a420d45e192261958017a7dfd', '#/entry/zhko/8ff1cd3781ff49b7bf414d1e491d02a1']"
82,花,"['HSK 5급 단어', '#/entry/zhko/89a9ce4a6c354b8b9934d77b72cca3d4', 'HSK 6급 단어', '#/entry/zhko/ad959128de884cc99e43c0058bd78424', '#/entry/zhko/d0b00ffa0e46437584176307399e0836', '#/entry/zhko/b46b0cd75f4f44278aee94cc943a848c']"
83,节,"['HSK 3급 단어', '#/entry/zhko/7d8f6987359a419d903acec3d0835e08', '#/entry/zhko/12339eb2c6284ad5890122094a7835f0', '#/entry/zhko/62b9f41870fb46948c70f934e7a603db', 'HSK 4급 단어', '#/entry/zhko/b711522c09e4415e9f3f1ac4ef64550f', '#/entry/zhko/68112704a12a4a48b61218299d336338', 'HSK 5급 단어', '#/entry/zhko/23f37c4eb4764045bf7d267c1e184227', '#/entry/zhko/4dd12788b3aa4c5e8d42789e7f6677b2', 'HSK 6급 단어', '#/entry/zhko/2917f5042ba141d58bb92c95a67ec0a4', '#/entry/zhko/3ffe5d571d754bee910fa3b46712c439', '#/entry/zhko/45e23c9165f24e7192010eb57bbc0395', '#/entry/zhko/353880cd59434811833af41639d935c1', '#/entry/zhko/ce824f978bf74c128c9520f34d3e2cff', '#/entry/zhko/fe3b4542ab964f0daa084d8fbb73a8f1']"
84,近,"['HSK 3급 단어', '#/entry/zhko/89d59ee5e4d641d8b1d9d31f57dcac70', '#/entry/zhko/89d6f3cd7d1747c0a4f9fa481832269d', 'HSK 5급 단어', '#/entry/zhko/5e8a49f6b45f48689320ed852b652aef', '#/entry/zhko/cdd87e52712f4d5ba0997bef1adbf44a', 'HSK 6급 단어', '#/entry/zhko/33d6388db0e54122aa2419eeb0b0e9db', '#/entry/zhko/5c718f44cc274d9bb0d14498021b35b5', '#/entry/zhko/704a558b50e447e19c11093401f630ff', '#/entry/zhko/2f0ce5ffb20b477fbf136823a59de983']"
85,怪,"['HSK 3급 단어', '#/entry/zhko/d7034f03102d4829bbda81148fdd28f5', 'HSK 5급 단어', '#/entry/zhko/c430cd0e7b804591aadb7ee422fd452e', '#/entry/zhko/2dee442305694c4e8b8ac49b496db2d3', 'HSK 6급 단어', '#/entry/zhko/524fd2b424f748d5a300126f86a8a07d', '#/entry/zhko/48bf8608533f4ed196257690caee0f17']"
86,持,"['HSK 4급 단어', '#/entry/zhko/187957c932ae468fb86da524c729d1e5', '#/entry/zhko/1a256c66aafb4bf18b3bf513673c81a8', 'HSK 5급 단어', '#/entry/zhko/39df9410ab0241778e20db830e8690d3', '#/entry/zhko/f8ecf5b68d2e492ca47e4e53f60e7c37', '#/entry/zhko/3da589b107c849cead656d01d17d8cd8', 'HSK 6급 단어', '#/entry/zhko/71f8eb61782f4c399adc8ce57826f7b5']"
87,光,"['HSK 4급 단어', '#/entry/zhko/b74b96d42d6c4370bf9d7c2467a0ffba', 'HSK 5급 단어', '#/entry/zhko/8c4b7ffb2acf4cf98ee545eef2c92067', '#/entry/zhko/bdf99023773e48f6a410ecfb389be027', '#/entry/zhko/1c273c62842f4d77904be332ad4f3809', '#/entry/zhko/c1b1a420dca84c9881b34d6204574dd0', 'HSK 6급 단어', '#/entry/zhko/b89b7c18de234402a9e78c6a4b99905d', '#/entry/zhko/c690f200a9f347fd9855e1764d774ff9', '#/entry/zhko/d999548fa94145849d2169555903a6f5', '#/entry/zhko/1612d27399c6492db765e6b2da319a61', '#/entry/zhko/af98446f08704a07a53abf8b7d330869', '#/entry/zhko/dfc0c77848984c3ea3e71f025b340549', '#/entry/zhko/5242c87aa91c4ffc8685c54f9a6437d4', '#/entry/zhko/c5475a6674af47829f2ab81956a02124', '#/entry/zhko/7dadad87f3414f16a1e9a2532408d6cd', '#/entry/zhko/66b489e429d2492bb92168e2313963f1', '#/entry/zhko/ba05e3d106e74ffbad5bdc337ec75e93']"
88,与,"['HSK 5급 단어', '#/entry/zhko/4739c44d44bc469d8f66b8f29a093776', 'HSK 6급 단어', '#/entry/zhko/2811a395ee264a0a85169ca136b69740']"
89,穿,"['HSK 6급 단어', '#/entry/zhko/e8d4e1f3605c4f4893e190be890dd224']"
90,愿,"['HSK 3급 단어', '#/entry/zhko/99e796652a0e4485aa8a3fd0c2cd44e1', 'HSK 5급 단어', '#/entry/zhko/c91d19412b24439da10df819f25a9f21', '#/entry/zhko/70bce7c639cc4a3a8d8737e48792a732', '#/entry/zhko/dc7bd993d9e241e586a335975a8704f2', 'HSK 6급 단어', '#/entry/zhko/396d30fcbe0549d58a30add7dc608402', '#/entry/zhko/8497f2ca42c94f5e8f00195accb30623']"
91,象,"['HSK 4급 단어', '#/entry/zhko/8c1f80df7b554b6496980f4d46a98462', 'HSK 5급 단어', '#/entry/zhko/329de2ada621489b821506edf3a5c3c6', '#/entry/zhko/7ac2bc0005fd4fcca5ee82ddc08dabc4', '#/entry/zhko/96becbad15564737980f0da5e5251cf4', '#/entry/zhko/8ea9e68a010947669c12afdee45209ec', '#/entry/zhko/8ed43e96148e44fda21336745e313f25', '#/entry/zhko/e6b83519b91d42e78f1b256119b5f7ec', '#/entry/zhko/b06bdc878041490c9edb40a8df7274ac', '#/entry/zhko/8818dc81225d4a2193514072ccbe384b', 'HSK 6급 단어', '#/entry/zhko/379f748ff0954b3fb30ce576f416dacf', '#/entry/zhko/45006d73b036418ea0c0fe9dd5f74fa7']"
92,影,"['HSK 1급 단어', '#/entry/zhko/b0ef8b91619b47deb10c80293dd0a67d', 'HSK 3급 단어', '#/entry/zhko/db940fbcc48c4c18853a4c40923f2323', 'HSK 5급 단어', '#/entry/zhko/7bcda69ab1d5461c9527a4d284c54ffc', '#/entry/zhko/bbb288f6b3c947ac930fc61031a99392', '#/entry/zhko/88059349dded42d098bc5d2a622d64e9']"
93,击,"['HSK 5급 단어', '#/entry/zhko/aa9e84bbae544a3387ebc0724640846b', 'HSK 6급 단어', '#/entry/zhko/c40026db020e439daf86f8d9ae315e33', '#/entry/zhko/4e07c17fa07249b79e2d16afe2d5d085', '#/entry/zhko/78960d439f044e459de77b118f424d1b', '#/entry/zhko/88bb0dccfccf4c6ca9a46ca859a15e4d']"
94,使,"['HSK 4급 단어', '#/entry/zhko/a3ae166cc2104713937990b807c043f4', '#/entry/zhko/cf6cd2d1acde4beab130ca2a4a9d8c57', 'HSK 5급 단어', '#/entry/zhko/e1b860090db54207bdfb9789da6b985e', 'HSK 6급 단어', '#/entry/zhko/8e159d655a28414b9c7778d522e5e10a', '#/entry/zhko/c6946dc5974143668f7201071f249bb3']"
95,二,"['HSK 6급 단어', '#/entry/zhko/92bd88ffc6864a3d9f216255d852a452']"
96,月,"['HSK 3급 단어', '#/entry/zhko/01117216c8aa4dae8205926c713392ca', 'HSK 6급 단어', '#/entry/zhko/d08b61b1d04748cf95d8b46c19a61565', '#/entry/zhko/2e0cff35d05d4b9590d56aa538c2676d', '#/entry/zhko/2336af5c58f64d3491c2c74398ace29e']"
97,器,"['HSK 5급 단어', '#/entry/zhko/23d5f0485e84417f815455eaa6047f69', '#/entry/zhko/513f6fb69cd2466e94dd40a5f7867171', '#/entry/zhko/c629b73f06bd403cb4960d83c6397d4a', 'HSK 6급 단어', '#/entry/zhko/4e3330eec7fd4a5f95ebed4c2ba5c254', '#/entry/zhko/68e73fb0fe2e4ff2b63e7e3ce8d64d62', '#/entry/zhko/185cb4c9c2634c8a876dae152a8f8d2b', '#/entry/zhko/8c8e74613bae49baae50be256f78887e', '#/entry/zhko/34ac990a2f274912b0462f7eb84c8dfb', '#/entry/zhko/d3d77cc6fa3a467986a4d22c8e805e6e']"
98,察,"['HSK 4급 단어', '#/entry/zhko/f49467bf217f4b05b3eea8f8371e142f', 'HSK 5급 단어', '#/entry/zhko/5331a012879740c49e90148084c4b3ae', 'HSK 6급 단어', '#/entry/zhko/c26404a5c2da41adadbb33865e5233d9']"
99,止,"['HSK 4급 단어', '#/entry/zhko/148579fb1e4541e9bb2d69664e97e483', 'HSK 5급 단어', '#/entry/zhko/7608aeb00e1c431295aac9b15349824d', 'HSK 6급 단어', '#/entry/zhko/284b471569c14cb499b924bc3ce6aaf5', '#/entry/zhko/8200033a95a748b4b5653600dd8ff27a', '#/entry/zhko/0ead80152676484e9e3ecf7bec99ac39', '#/entry/zhko/020ed2e652e94ba5bae2b85019bd0811', '#/entry/zhko/410737c182af4590afbfbb89d82b8cb5']"
100,十,"['HSK 4급 단어', '#/entry/zhko/1defd1fc47a4485faf780aea253451e5', 'HSK 6급 단어', '#/entry/zhko/cf0c53af3e7044e9b63513b12d7450cb']"
101,拜,"['HSK 4급 단어', '#/entry/zhko/1c1b98b09fd848b5a247e979165552e5', '#/entry/zhko/efbf861cf3f5460ba6d34cd68363b6de', 'HSK 6급 단어', '#/entry/zhko/4fc7019b77104c708d5e244d5b8c6bce', '#/entry/zhko/82a1551278d94e2dab840a1e6492ad8a', '#/entry/zhko/af9c1964857842699e8ea1704745e918', '#/entry/zhko/aff85a7a9d14466490f33cc76c9f9f93']"
102,鬼,"['HSK 5급 단어', '#/entry/zhko/b33667c542a34e29b8a08473d0f4c248', 'HSK 6급 단어', '#/entry/zhko/31d9e48898b84b38a9a79a1c6135036f']"
103,睡,"['HSK 1급 단어', '#/entry/zhko/6ad976394cd74043864be33b2e976ed9']"
104,调,"['HSK 5급 단어', '#/entry/zhko/993020875ad646a5927450a84bf22822', '#/entry/zhko/a437877cd9a243dd938559cd8ea44a98', '#/entry/zhko/8db8ec6efd384cd895c3a1d8f1a3cfb1', 'HSK 6급 단어', '#/entry/zhko/fbc463ada96d4b12b90e9f8c770ad046']"
105,巴,"['HSK 6급 단어', '#/entry/zhko/0f8771cd36ed4b3d850ea68eee6c9f65', '#/entry/zhko/acb7d896289c4c8ab72b37decdbeadb0']"
106,兄,"['HSK 6급 단어', '#/entry/zhko/1cec1b05c1a84afbb83c44e1bb39b1ae', '#/entry/zhko/5a7209b204b948929b72552a336f22e5']"
107,紧,"['HSK 4급 단어', '#/entry/zhko/d4876c5b9d3845ce83a791d7d80f8deb', 'HSK 5급 단어', '#/entry/zhko/6d238b15ecf74dfd896f0d14b596823c', '#/entry/zhko/03c48ba926b04d8bb8632377a7ee6674', '#/entry/zhko/b245e71b780a49c88379dfde7349acd0', '#/entry/zhko/730d1eed9fce4bf09697b8a53fd658ee', 'HSK 6급 단어', '#/entry/zhko/e965b0c7f15f4cafbb4d5f888d0027d6']"
108,站,"['HSK 2급 단어', '#/entry/zhko/b169885fa1bc4f98aaf14c8cb1ab53ca', 'HSK 4급 단어', '#/entry/zhko/ef2c97b7831f47ac887b72150eec7c8f', '#/entry/zhko/e1da0f1c57d9492aade3c2ba6603e1f4']"
109,品,"['HSK 5급 단어', '#/entry/zhko/835dd379d0ef43d5a2ec959f0db3742b', '#/entry/zhko/f8ff8fb99c2e48e9a4fcac80479cd58e', 'HSK 6급 단어', '#/entry/zhko/ec62f22502f9415c916558082898ae93', '#/entry/zhko/423df248cbc24799a2e346316e2a122b', '#/entry/zhko/4f34a50a738b446d8a4503c30e227059', '#/entry/zhko/f6c9863b9dbd43ca852d53955671803b', '#/entry/zhko/1270f387826e418294504ae7bd0a108b', '#/entry/zhko/9630dab7c1044c31956bae9c909a1384']"
110,英,"['HSK 5급 단어', '#/entry/zhko/26823e941aa14f54938567ce749fbb70', '#/entry/zhko/f085da99d6f24eccb2b8c979962d7799', 'HSK 6급 단어', '#/entry/zhko/6b7a78d9228a4887b38b1bdf339db063', '#/entry/zhko/0192c81b952a477bb59cda81ba59ae93']"
111,罪,"['HSK 5급 단어', '#/entry/zhko/fb33cd2dbfd04ccf9e65be2067184a0b', 'HSK 6급 단어', '#/entry/zhko/c605d5d39a8b447885994fa25cc54a1f', '#/entry/zhko/2044902505364e61b9084da017ccfcb5', '#/entry/zhko/b9930714f8b040a388781efd1e20c5cc']"
112,派,"['HSK 6급 단어', '#/entry/zhko/0a26fcb951734b1b8546dafb93c50914', '#/entry/zhko/653fd2e688a549b5aab9a245ef8d9498']"
113,票,"['HSK 5급 단어', '#/entry/zhko/bfa5b2383b3b4231bde3ab8e4e765001', '#/entry/zhko/54925e9804164e249983a50ac0284016', 'HSK 6급 단어', '#/entry/zhko/4e3330eec7fd4a5f95ebed4c2ba5c254', '#/entry/zhko/01abff3eb3a348eeb8802916aba39c00', '#/entry/zhko/5b9a23f8290642c99dea6627c83c52df', '#/entry/zhko/1960e8ebd63345d488b74baa77c7ff86']"
114,恶,"['HSK 5급 단어', '#/entry/zhko/5eb64071e06245749838daf60b01d9f3', 'HSK 6급 단어', '#/entry/zhko/7189809d31e54e668fe8d008bbd50e18', '#/entry/zhko/5a7209b204b948929b72552a336f22e5', '#/entry/zhko/3de27cd86e0c44898b35ea04f025cb63', '#/entry/zhko/6c3a4565b5a548fa8c6c55a513fa45d8']"
115,烦,"['HSK 4급 단어', '#/entry/zhko/ff368c2c945e41fcab101e88b5d566e0', 'HSK 5급 단어', '#/entry/zhko/c3955df8a05444299a5016146f524352']"
116,取,"['HSK 5급 단어', '#/entry/zhko/0e3a8a7565f94c45873ca6300abc7ffa', '#/entry/zhko/6549f80b8a26421eaed772b3b6de31b3', '#/entry/zhko/bad8fa51baf94a05aff3dbbaa1e2686e', '#/entry/zhko/6429c166a4a5404f92e6e0ec81251c3c', 'HSK 6급 단어', '#/entry/zhko/19320c81f72c4d86ac8f722d7c6f96c0', '#/entry/zhko/17c5e9dc8b984670b7982d30d96dd249', '#/entry/zhko/465e4fb4cb574faeace370a94d9d14c5']"
117,游,"['HSK 2급 단어', '#/entry/zhko/559a52b5abaa44258b9f435aee71ee11', '#/entry/zhko/6a68b226911348fd90c160c383bbe508', 'HSK 3급 단어', '#/entry/zhko/d8f7811a05ad4fcd81638a83adcc1893', 'HSK 4급 단어', '#/entry/zhko/23190efa4a464a338bdec3068fd0d315', 'HSK 5급 단어', '#/entry/zhko/173b8c0ef9104b6880725faf0af7a4e0', 'HSK 6급 단어', '#/entry/zhko/182ca14bf632452bb99d765f79d6d03c']"
118,糟,"['HSK 5급 단어', '#/entry/zhko/f6f2eb22787047a7911496559b1e6041', 'HSK 6급 단어', '#/entry/zhko/5c50b3b0dae0455fb7f6f73b368860c4']"
119,令,"['HSK 5급 단어', '#/entry/zhko/080cc9c78f2342e58b1e976785f2ecd4', '#/entry/zhko/be435cda232b4b458d3bf47e7f6ad6fc', 'HSK 6급 단어', '#/entry/zhko/3416b899a839420694d7b7feae33be10', '#/entry/zhko/7fc4087f6a9c41c1bbc29b15a62a234f']"
120,随,"['HSK 4급 단어', '#/entry/zhko/fcc5ceedd1e447509a2365caaa0d4ffe', '#/entry/zhko/555f46a0d84640788cc87cfe2356fa66', 'HSK 5급 단어', '#/entry/zhko/3651dffadb30461c87b6c29e6438043b', '#/entry/zhko/7ef43742136745b4be56c86d977509fe', '#/entry/zhko/8d52a7eb55ac475080f05f2948cfed37', 'HSK 6급 단어', '#/entry/zhko/3a50f890277d4095b4c4b5ca6cf67fe4', '#/entry/zhko/f39feb34582340e3ba78566e7f0e2f8e', '#/entry/zhko/72a9c536178f4a1cb3b33b8a2447347a', '#/entry/zhko/7ab78a858e0b47d0b19e8af4357b78e1']"
121,圣,"['HSK 6급 단어', '#/entry/zhko/4a9d3ab2078d4e688bf8956aa7f1ba50']"
122,式,"['HSK 4급 단어', '#/entry/zhko/2a541e35d4924afbbb61368fcbef3792', 'HSK 5급 단어', '#/entry/zhko/0230d57b30914f40b59d0f9c2c73a926', '#/entry/zhko/2b9fb2f4144e42a184a0cf86d15349d8', '#/entry/zhko/4a4fdcd763484cc89885d6099b65668d', '#/entry/zhko/dd32c9d2d7a04d59bd2bd359da6f8b82', 'HSK 6급 단어', '#/entry/zhko/0fb67aafc030413ea5142c7b6e6ccb22', '#/entry/zhko/30615a194da94af3acfa2f8754bbfa29', '#/entry/zhko/e7c72bcd1e084634a8d8e948fde689a7', '#/entry/zhko/e94ea92b045449ec97f9990f2fa63492']"
123,投,"['HSK 5급 단어', '#/entry/zhko/134554514b094e17a5a2e0600e1a3d53', '#/entry/zhko/f7c52c81517c4d0c90862502136147d9', 'HSK 6급 단어', '#/entry/zhko/2fc63cf88d3546ce937a38227dd452c2', '#/entry/zhko/cd3184660be74af19de55b5bfc446a95', '#/entry/zhko/db483da0d91346a293189c0498897035', '#/entry/zhko/01abff3eb3a348eeb8802916aba39c00', '#/entry/zhko/c2b35f184c6543218bd78d48b3827b4b']"
124,化,"['HSK 3급 단어', '#/entry/zhko/e052e7a87f8c4c0cb5c384efa96c8286', '#/entry/zhko/f390f250ae5640c6a714ed303cb53dbf', 'HSK 5급 단어', '#/entry/zhko/feaef903a66e43d7946ef8827b8cc1f3', '#/entry/zhko/d08e4696e03541e281f2234f5b310057', 'HSK 6급 단어', '#/entry/zhko/023ce1147c664ca3b51c1c225b3bc13a', '#/entry/zhko/e8246bbcbaea4228ad7f265dcd8612cd', '#/entry/zhko/2798128526a74e1db9e2a38b319e2387', '#/entry/zhko/8ff519b3fe0b4b1b9ecf0c1ebacd2f73', '#/entry/zhko/9004e15efd3c490ebb6c2215e8661817', '#/entry/zhko/dc42725bd7f54ab09ce24c9ca3db9aa6', '#/entry/zhko/92bd88ffc6864a3d9f216255d852a452', '#/entry/zhko/6c3a4565b5a548fa8c6c55a513fa45d8', '#/entry/zhko/e2146666102d496f9b704ae25ca6a1a6', '#/entry/zhko/e476e0ea58e64f2083eea09c9cefa4f9', '#/entry/zhko/e832d74bca2a4ae9a219d69d59557ac1']"
125,未,"['HSK 5급 단어', '#/entry/zhko/087b6860e89341c58fb4ee71ec3fb8de', '#/entry/zhko/4476ed32deb749089c385475df70f353', 'HSK 6급 단어', '#/entry/zhko/090b64feabd34120a84aa43623ca5e52']"
126,束,"['HSK 6급 단어', '#/entry/zhko/6bad197cb1cc4845b62d6fd2791f1a19', '#/entry/zhko/e7e37d40310f4c5992a6d85502874bff', '#/entry/zhko/d9eb9919c8e94642996a2aa4de8b02d0']"
127,醒,"['HSK 4급 단어', '#/entry/zhko/ddde0122861b47dbbbd0dd4b772bba5c', 'HSK 6급 단어', '#/entry/zhko/5f847e9f29284ed49fe211f754048cdc', '#/entry/zhko/61a7dcbc98f0416aa39ca9811f17bd41', '#/entry/zhko/860216e55712466ab6069d627d5447b1']"
128,威,"['HSK 5급 단어', '#/entry/zhko/d3097a01cdf646c0b813718a45da5695', 'HSK 6급 단어', '#/entry/zhko/013db7d59db24e6386887f355a9f05d1', '#/entry/zhko/329243ff737e4fe99ce37b79f2f945b5', '#/entry/zhko/a37a8c578bb6447f84654903c405d618', '#/entry/zhko/a2e1d73b46fd47e4b37ac7b12e091573', '#/entry/zhko/dd606421cd554924ad5a9f4014df237b', '#/entry/zhko/3104971aceb7483f9c54ec498151e5c7']"
129,班,"['HSK 2급 단어', '#/entry/zhko/df3bef27479c49eb9984bd1764d8ad93', 'HSK 4급 단어', '#/entry/zhko/2cae83bf2262401da9036f7bb8bfb046', '#/entry/zhko/5789c7ac99854c1b914a5846ff18c2f8', 'HSK 6급 단어', '#/entry/zhko/bbc2678fdc4646d3bef0ba387fe2155c']"
130,终,"['HSK 3급 단어', '#/entry/zhko/984fc661223f48c4bd8ad7364404175c', 'HSK 5급 단어', '#/entry/zhko/f2a5de082290424fadf69e8a8a4f4ee4', 'HSK 6급 단어', '#/entry/zhko/1a32c7e47c52495595ce83a263c3cc1c', '#/entry/zhko/2f3504a91f0b43529dd42e055493d557', '#/entry/zhko/2066cc05e91a48419864dd5d56c56fde']"
131,差,"['HSK 4급 단어', '#/entry/zhko/b3a516d5be6b4e17bc5e8f77ec0d0563', 'HSK 6급 단어', '#/entry/zhko/235f6fbd20d24b259f26f2018da7d2a3']"
132,梦,"['HSK 5급 단어', '#/entry/zhko/9d193c43cfec493ba552a54055cb570f']"
133,药,"['HSK 6급 단어', '#/entry/zhko/30aeea6cfdbc486094db48082ffad858']"
134,店,"['HSK 1급 단어', '#/entry/zhko/4fba77562b194d199ef9c70d251e879b', '#/entry/zhko/b8f921afdb324bf7930c05f7d4c97517']"
135,惊,"['HSK 4급 단어', '#/entry/zhko/d599ca5010aa442f9169f6be73fe76cd', 'HSK 6급 단어', '#/entry/zhko/a6cd708008964a5e89a6fcad0fede671', '#/entry/zhko/4e783a60f8af4176b43c339fecd68a95', '#/entry/zhko/e9e1e2374a4a428c88100baa32a7dd4e', '#/entry/zhko/7a79e71136e240c69b7c18c1c9c3f013']"
136,迎,"['HSK 3급 단어', '#/entry/zhko/bb2039c3062c434cba0b72042fe992d2', 'HSK 5급 단어', '#/entry/zhko/c3c6083492c642d089c72ef49c934ac0', 'HSK 6급 단어', '#/entry/zhko/85bc05b35fd44c0398f906952bd46b10']"
137,段,"['HSK 5급 단어', '#/entry/zhko/87b6b43019bd43799adeb76bd5eb2e88', 'HSK 6급 단어', '#/entry/zhko/9dd3cefb1a28464a80202e5d7bf88ba8']"
138,标,"['HSK 4급 단어', '#/entry/zhko/49b5f233c541459dba76c34267325327', 'HSK 5급 단어', '#/entry/zhko/3b688d0531ff496e8547288f53c9f6c6', '#/entry/zhko/9a1ec2eb56264738bb04451cd3fde79c', '#/entry/zhko/523dbbb1f60648f6b97f946a9551a817', 'HSK 6급 단어', '#/entry/zhko/ea97a42ffbc74b20ab84c36457670589', '#/entry/zhko/6c15c7dccba24a8882cdc3cf470acf17', '#/entry/zhko/5cda2f75d3ce46b487a1993ab8368530', '#/entry/zhko/e5b4ce32e93243baa829462b61289add']"
139,检,"['HSK 3급 단어', '#/entry/zhko/d1ef7a901e074d1982fb7b187ca2d2cc', 'HSK 6급 단어', '#/entry/zhko/8c06110b99874f839b19704a0ef72554']"
140,各,"['HSK 5급 단어', '#/entry/zhko/ec0877a5757c4740905b0a5336001da4', 'HSK 6급 단어', '#/entry/zhko/e44efeaf0a384b50bfb867ee4399d4d6']"
141,义,"['HSK 5급 단어', '#/entry/zhko/460ba0c7fb8d47a1b6f748205fa30601', '#/entry/zhko/62f93a6ee7334353ba52eea78a1820bb', 'HSK 6급 단어', '#/entry/zhko/ea4a5a6d30b44b1baab9a906c8a4f5d6', '#/entry/zhko/6fd91634d12b41f0bd6815f73af8e1f3', '#/entry/zhko/2c653729139f4b6b9cffeab19402b82d', '#/entry/zhko/3920805cf60741aa95e210667386cf87', '#/entry/zhko/d65753b9b1f1472e988fce0a574bbc88']"
142,百,"['HSK 4급 단어', '#/entry/zhko/d07072f507224fd7919796c2e861e103', 'HSK 5급 단어', '#/entry/zhko/f5e4be86a5aa4dbba6f2fb32bd176c0e', 'HSK 6급 단어', '#/entry/zhko/659e94d42ca44e48bc16d8674ade0202']"
143,民,"['HSK 4급 단어', '#/entry/zhko/6ce7b5d794754a6cb2b4b0e57af438a6', 'HSK 5급 단어', '#/entry/zhko/748b65cb93cf40aeac51f66aeec9225d', '#/entry/zhko/f19534c7a50b492a87f5b74def6a78a6', '#/entry/zhko/2bacc918669043cd8beb8819eb198d83', 'HSK 6급 단어', '#/entry/zhko/a15412a0180643b0969d16b6ffe60095', '#/entry/zhko/fd6cb28922db4edabb8c267d3ba42e44', '#/entry/zhko/3397bf2f70324db088c48daab9809597', '#/entry/zhko/db887852cc0447009f51e647e1d4c4f0', '#/entry/zhko/d2828028f40f413b9d97003e74fc9286', '#/entry/zhko/b492f639d79247989c6258772533905e']"
144,功,"['HSK 4급 단어', '#/entry/zhko/4970a3deb747481b8631517a328f70dc', '#/entry/zhko/d808dfba44b942389bed1eec0512c5d6', 'HSK 5급 단어', '#/entry/zhko/95a3cb69d37649fe8c7674fd4f8c127b', 'HSK 6급 단어', '#/entry/zhko/baf88d1bc7fc49b7ae9ae6e8e99f0ef5', '#/entry/zhko/2f0ce5ffb20b477fbf136823a59de983', '#/entry/zhko/c84e2d7ce8ce496488c7ac5b31d70378']"
145,唯,"['HSK 5급 단어', '#/entry/zhko/5c862fa497a14f0fb4e3dfa4c62b4cd1', 'HSK 6급 단어', '#/entry/zhko/31c5ce9c0f3c41218c6b3f016074713c']"
146,夜,"['HSK 5급 단어', '#/entry/zhko/092cb8db68ec418fb49f17f521553574', 'HSK 6급 단어', '#/entry/zhko/9928045973054077ab3fcb897faed687']"
147,示,"['HSK 4급 단어', '#/entry/zhko/c6bcba8452844a86b0ec64eb383b9a4d', 'HSK 5급 단어', '#/entry/zhko/818e5523094a4504af7b947af8460d29', '#/entry/zhko/a40700a6bc784d0f8718f502f8ae264c', 'HSK 6급 단어', '#/entry/zhko/25fc5f92425441db84dac5b735307be6', '#/entry/zhko/a256cb8fc0514627bb911af4e954e4fd', '#/entry/zhko/1ebb7ddb491046b9a20f093d35b9ed71', '#/entry/zhko/3104971aceb7483f9c54ec498151e5c7', '#/entry/zhko/4040c868b6af4478a8bd14c52c17b6a3', '#/entry/zhko/583f039cdb424225a8e2c5979c530c9e', '#/entry/zhko/854c5b97dc6b416ea55c6cb6edc9cd64']"
148,靠,"['HSK 5급 단어', '#/entry/zhko/e88b00ee0c794196b56b51eaa304d782', 'HSK 6급 단어', '#/entry/zhko/64b5eda104d14d57821e18987b441162', '#/entry/zhko/7f1e0828d5594d77a1b62923e8a7316d']"
149,休,"['HSK 2급 단어', '#/entry/zhko/4420d3db11444d72bcbbee5c19e7e15a', 'HSK 5급 단어', '#/entry/zhko/94c99a5009ab4546a1919e96a4fc806f', '#/entry/zhko/bd6891effdf6414b96f306b6c03459c5']"
150,灵,"['HSK 5급 단어', '#/entry/zhko/c7bedaf1d0a4418ab9634733c9b13b64', 'HSK 6급 단어', '#/entry/zhko/1d9314a9acbc494fa08593e408a89243', '#/entry/zhko/a45ff73b09504a0fb554f28c16e9451d', '#/entry/zhko/ce53fce99aa64b2cbbd94406e6c2673c', '#/entry/zhko/7cebbcbc88324b679472c236a5149577']"
151,狱,"['HSK 6급 단어', '#/entry/zhko/0e1fd65062c54602a2e2b37e6a60191c']"
152,密,"['HSK 4급 단어', '#/entry/zhko/b5257c9a06564870b2068e2f978d2362', 'HSK 5급 단어', '#/entry/zhko/4c619b33c85f43d7855968843fd87ada', 'HSK 6급 단어', '#/entry/zhko/134a682f8d6b44ddab640bf57a78af45', '#/entry/zhko/6632567cbe0a4e0c85f224f7bf3f83a6', '#/entry/zhko/d129abe073f54d34bdc5be5dcfa274ab', '#/entry/zhko/c8be5da670e04b9596a11efb0f469587', '#/entry/zhko/491623ff81f34ccebfe5e9f0d4370765', '#/entry/zhko/24ff0ba863ad465d8c58b01c43ed2f5b', '#/entry/zhko/2eb819f2ada34fa29b005756fbcf023a', '#/entry/zhko/fead887fa7244928a87e8a9c41f85f70']"
153,线,"['HSK 4급 단어', '#/entry/zhko/7c9d301e0bfa441097ec1fc25ab1f09c', 'HSK 6급 단어', '#/entry/zhko/539a39b54f2c4d558f9fae6a8a092221', '#/entry/zhko/230338a8f9bf4039b12583df1b8a3ced']"
154,代,"['HSK 5급 단어', '#/entry/zhko/00e2670b89e047a7b5ed599e58b8a917', '#/entry/zhko/415285747bc8439a80f094103e67b47b', '#/entry/zhko/8ef188c38e4b485a92e77e4a758fe67c', '#/entry/zhko/cdd87e52712f4d5ba0997bef1adbf44a', '#/entry/zhko/fd7059f14b074b0e8d92d772b86afe24', '#/entry/zhko/7a1a63ca62bf41e186a2167dfc2e8f6a', 'HSK 6급 단어', '#/entry/zhko/a87b7ae0607e4191aa74e8d105f64884', '#/entry/zhko/c07083ca36534ee490ec619b50f66a81', '#/entry/zhko/fa021709d01a459183da4a3a192199cf', '#/entry/zhko/f8f18c871451483c889338bcea52bb97', '#/entry/zhko/0bd84f9b94924b44989e97b43c21a9c4', '#/entry/zhko/5e6555dd59c94bf598e6460623f7c200', '#/entry/zhko/ea5a8fef3ded4c59aab33c632d43f444', '#/entry/zhko/5ea4629b24c0425e806183394235cb9a', '#/entry/zhko/fdd7720faa034d408bdc645ea8ab822f']"
155,忙,"['HSK 3급 단어', '#/entry/zhko/d06529eff7a8495cb4efd954946fbca9', 'HSK 5급 단어', '#/entry/zhko/27826616886e490d93edb6b8497176d0', '#/entry/zhko/398a2ff51eab4ddca9a95f4bb44fa9d2', '#/entry/zhko/d691958c80fc407c8d31d4d0dc8ecaeb', 'HSK 6급 단어', '#/entry/zhko/ce0b0294cc9b4aa09e8d3d8dca260953', '#/entry/zhko/21147b956e2741a18482976c08261e0a']"
156,坏,"['HSK 5급 단어', '#/entry/zhko/e593e10b0ab64251bf475cc107a7c791', 'HSK 6급 단어', '#/entry/zhko/1ba01a8c95a84846a27e22d46bfebc4f', '#/entry/zhko/0d6045404359402c9d3ab49e54fe2f96']"
157,久,"['HSK 5급 단어', '#/entry/zhko/c9d3bf1d4d974653b4710f59f586804c', 'HSK 6급 단어', '#/entry/zhko/71f8eb61782f4c399adc8ce57826f7b5']"
158,议,"['HSK 3급 단어', '#/entry/zhko/29ecfdd6a6de4aa695b113841c162daf', 'HSK 4급 단어', '#/entry/zhko/1c609a64b958445a8ec84a480c484103', 'HSK 5급 단어', '#/entry/zhko/2faf7f5a82fe49dfa6b174026a517652', 'HSK 6급 단어', '#/entry/zhko/8fa5c76b90ff44f684de40b7d85bbf29', '#/entry/zhko/9fb228fe570049ce88851ad7c24d0e8e', '#/entry/zhko/0a5a55c052a646748a716b3d0a2eecc9', '#/entry/zhko/9f0696c0152a4b4b995a09096213b1a7']"
159,衣,"['HSK 1급 단어', '#/entry/zhko/38d83f0056844f1da90acb02fa3c8010', 'HSK 6급 단어', '#/entry/zhko/b5914edbfbfe4a7dae8b36d3eb3f8fda']"
160,礼,"['HSK 3급 단어', '#/entry/zhko/ec4daf6d42974580948082ecb040246a', 'HSK 4급 단어', '#/entry/zhko/7f43fa5f977b4e14a1d7b5de600347f8', '#/entry/zhko/efbf861cf3f5460ba6d34cd68363b6de', 'HSK 5급 단어', '#/entry/zhko/b8be9d29108f454ab5bdecc6b6a13594', 'HSK 6급 단어', '#/entry/zhko/ae0901c2f1484ecbb4402b9f38f79403', '#/entry/zhko/4d362c0d4eea4eafa2ece697c4f4807b', '#/entry/zhko/39efb410c0da4f84840ce2e4b76385ae', '#/entry/zhko/ce824f978bf74c128c9520f34d3e2cff']"
161,份,"['HSK 6급 단어', '#/entry/zhko/7fb7bcfdcf48481f9aae4a2a9f86c345', '#/entry/zhko/70352d520c664af282168a9df622ff21']"
162,疯,"['HSK 5급 단어', '#/entry/zhko/f2b221620ce64e019edb774a3fb79c05']"
163,平,"['HSK 3급 단어', '#/entry/zhko/6aa80a703ec24cd7b26b2d9d09651810', 'HSK 4급 단어', '#/entry/zhko/3344c9d800d64a96bd65d98a4a6662b6', 'HSK 5급 단어', '#/entry/zhko/0e44b1258e2746de8c025c4f88e43e4f', '#/entry/zhko/c9edb9c66e1d4840aabdcd323ae52484', '#/entry/zhko/ef606dcbcc854d8dab53dd43b2f3cf0c', '#/entry/zhko/042297d7664d4e5a9024173301a972b3', '#/entry/zhko/2cbeb013123d42299ea58a58d875af5c', '#/entry/zhko/a9c6acf5561d4b778e69ce37ae12be12', '#/entry/zhko/18d247b9351a4f49959bd5b3fc19cc6a', '#/entry/zhko/0429aff988b04aa4bfbf82641fbea456', '#/entry/zhko/5c46e06ecbe5430eb8d7acd565ce077d', 'HSK 6급 단어', '#/entry/zhko/8c44590ce5114fe19f8e684f5f47023a', '#/entry/zhko/23c42fd5cab24be3a1ec9de9d24a1dd5', '#/entry/zhko/0989abb4c2fb47d0977f6df5d980534b', '#/entry/zhko/354a663deb5f42c7b9f3258ec5e845c8', '#/entry/zhko/0da0b733f2ed468b80bb0b3bcc90bfc6', '#/entry/zhko/2c1e9e7f39b040eaa290f789ef182497']"
164,杰,"['HSK 6급 단어', '#/entry/zhko/26193b9e5e264e118f2ebf6c6d152354']"
165,幸,"['HSK 4급 단어', '#/entry/zhko/18148d672e954926b12df714ea272dd6', 'HSK 5급 단어', '#/entry/zhko/269984ba77a0481d98d23039bfbd36bf', '#/entry/zhko/8aca384fd2d04dfdb1c1e1075ed3df28', 'HSK 6급 단어', '#/entry/zhko/6d17128d3922425bbbffe72989f23e05', '#/entry/zhko/db310a90e4f746aba47db38f8d081ab0']"
166,专,"['HSK 4급 단어', '#/entry/zhko/d3d71b0d8ed64272861c0016fd90191c', '#/entry/zhko/90b1e06b11324ac6a0c9fbbe01f044cc', 'HSK 5급 단어', '#/entry/zhko/4bae51b7903d4e36b787db7bd1d2fac6', '#/entry/zhko/3fa3e523991c4e35bd2c32cd5406b247', 'HSK 6급 단어', '#/entry/zhko/9c0774c9591c47d79712272a8cbc480d', '#/entry/zhko/c99363138743430f8b8d588380ca5493', '#/entry/zhko/630f7923edeb4c19911f9a90ee1b24aa']"
167,复,"['HSK 3급 단어', '#/entry/zhko/bb487f013c3c4db696c940ff941391ea', 'HSK 4급 단어', '#/entry/zhko/a31fa86ea85549e18f51e9c7da0859da', '#/entry/zhko/35e7aa75f58a4d63b3e8fba954207423', 'HSK 5급 단어', '#/entry/zhko/66b358fdfa4f4c0c9d2ae8c9ddb1daa3', '#/entry/zhko/4eef63f383db4805be6e6781ee77fc1a', 'HSK 6급 단어', '#/entry/zhko/7c90b93602784aa5a7c5569e2f25194e', '#/entry/zhko/07f3db3e77064472aff966097b663f9a', '#/entry/zhko/1b3b717eeee140f9a23faf383c830633', '#/entry/zhko/b0c1e7c8bf0c4f4788686e555baf46cd', '#/entry/zhko/c271c64552f744dfa43a78446a3e3089']"
168,量,"['HSK 6급 단어', '#/entry/zhko/c301fc6b4c334c9ca50640f3a3f20e6f']"
169,首,"['HSK 4급 단어', '#/entry/zhko/55cd209428dd41eaa347e0a475ed4b2b', '#/entry/zhko/15f81f576462477aa8ec67625728f0e0', 'HSK 6급 단어', '#/entry/zhko/d03de25f3c0547d0886d859db46aae4c', '#/entry/zhko/723a0e12f2de4efbbf6ca5f978d27cd2', '#/entry/zhko/71c6e5ad3f9c44458d395428b55453bb']"
170,改,"['HSK 4급 단어', '#/entry/zhko/27c3368769854b30bdd777853efab4ed', 'HSK 5급 단어', '#/entry/zhko/4eb65788a1f34c90a54dbe7c231e0ddf', '#/entry/zhko/85d898e384074f9693481f1a1d8cbcea', '#/entry/zhko/fad892573bac47ac9b105e0eba280e3b', 'HSK 6급 단어', '#/entry/zhko/983292a212b6452a92ef2eb398ee646a']"
171,忘,"['HSK 3급 단어', '#/entry/zhko/ad70fc6c8f9541a988a985b34e1278a9', 'HSK 6급 단어', '#/entry/zhko/f2518122f3ab4ce991fdcbb4c9a49e00']"
172,术,"['HSK 4급 단어', '#/entry/zhko/d93a7afec8094e7eb73b43a2ec703132', '#/entry/zhko/08b5a8fbbd9a4af1a018b2b194077144', 'HSK 5급 단어', '#/entry/zhko/44418bf842404057834de0e4e5781ca1', '#/entry/zhko/e0e2b8b10d384986a7d714179c16a90e', '#/entry/zhko/3a82b6bfea98415898966ca4149ef053', '#/entry/zhko/ff2de460da3c4bd7ae2e3c37fc4bbea4', 'HSK 6급 단어', '#/entry/zhko/624de2baba6c497d8300445734d63eba', '#/entry/zhko/f62903369c474083b41ef29469e722ab']"
173,局,"['HSK 4급 단어', '#/entry/zhko/c67745f72a1a4faea9de66a78d678917', 'HSK 6급 단어', '#/entry/zhko/78101da71ffa403c91f18eda49ecb357', '#/entry/zhko/36e2197866e14bfb96b1c53fa641067b', '#/entry/zhko/515d9dd7181a444db57275b17c0140c3', '#/entry/zhko/6cfafcf8a3e14fbb9c7c182a7817e3cc', '#/entry/zhko/0386d0a33a5f4d51a4ede7f497b36d30', '#/entry/zhko/7f7612de20f94183aab8855584f860f3', '#/entry/zhko/c26d87605987484c80576c9c3dccc40a', '#/entry/zhko/c567da6b42cc4a4eab14dcff1a047d16', '#/entry/zhko/fe18a63d122b47fea58ab87aa17e6fe7']"
174,客,"['HSK 1급 단어', '#/entry/zhko/646c1796fbe54e7d94dae6e0fa64bb3d', 'HSK 3급 단어', '#/entry/zhko/1836984fffa549bdbd54b67afc43cea0', 'HSK 4급 단어', '#/entry/zhko/c9a2d92dd7584a2cab303cbaa5b2a480', '#/entry/zhko/ce7d42b1f55f4b27b4fc1008022c4c91', 'HSK 5급 단어', '#/entry/zhko/3276e2f78d3a4ce596cea30c1c163725', '#/entry/zhko/c2f4b34c6a9f4076b21860437aa5cd67', 'HSK 6급 단어', '#/entry/zhko/fd18b42fd50b494fa7ee86e1e63be9ff']"
175,假,"['HSK 5급 단어', '#/entry/zhko/642eea68adcc416d82586df4131576e6', '#/entry/zhko/17e596b04192478f836462fc544f3284', 'HSK 6급 단어', '#/entry/zhko/590e2066afb84b80ba3b6fd76519e546']"
176,永,"['HSK 4급 단어', '#/entry/zhko/522669b5d98c4a39841f8b336d09441f', 'HSK 6급 단어', '#/entry/zhko/5d89c2cc0cb84da3949ba93659c96450']"
177,维,"['HSK 5급 단어', '#/entry/zhko/6ba9fbaad5a4438b8dbb5bf4ff083421', 'HSK 6급 단어', '#/entry/zhko/7eadaef32ea64be992d3cba152d261ae', '#/entry/zhko/54058456b26f4593ac9ce7c598480f47', '#/entry/zhko/eb1c2c73435042d8b3d33f88ff8be419']"
178,岁,"['HSK 6급 단어', '#/entry/zhko/2e0cff35d05d4b9590d56aa538c2676d', '#/entry/zhko/01790b690bed4cb5bf3e624b2146f4dd']"
179,弹,"['HSK 4급 단어', '#/entry/zhko/c6481f11333c483c8d9ee149b84cd4ae', 'HSK 6급 단어', '#/entry/zhko/9d31d844076448289c5557d5c2030285']"
180,静,"['HSK 3급 단어', '#/entry/zhko/01032be701bc4de7b309ba408210905e', 'HSK 4급 단어', '#/entry/zhko/119e7c9980fe4e7e8220abe5f72fdbc5', 'HSK 5급 단어', '#/entry/zhko/042297d7664d4e5a9024173301a972b3', 'HSK 6급 단어', '#/entry/zhko/0f48fe74fe064f95a1f9c83fc95d0c88', '#/entry/zhko/b66628bc7b28421c9bc901a427e27c49']"
181,故,"['HSK 3급 단어', '#/entry/zhko/479011a107e6430d80d3ec37571a75b4', '#/entry/zhko/9dcb1932c1ff413ba5057017d24156e5', 'HSK 4급 단어', '#/entry/zhko/7b93a8ecaab54cee95789f27371634f8', 'HSK 6급 단어', '#/entry/zhko/5ca014bc095b48ea818a1cb3b84d70f3', '#/entry/zhko/35a6f645c1544b8998fd56417d0f3d05', '#/entry/zhko/93d8fa137b214b79bef0da2548fc958a', '#/entry/zhko/c2f4a1a275484fb69d1600ff62fe2a5f', '#/entry/zhko/9571f4ea8a5540df929bca67fd43774a']"
182,吸,"['HSK 4급 단어', '#/entry/zhko/c2b8e7864bc44ec0a943619f75ae8033', 'HSK 5급 단어', '#/entry/zhko/52fe896745bd46afae4f902837c2779a', '#/entry/zhko/69c1a600286e49d1b059353375d682ab', '#/entry/zhko/6429c166a4a5404f92e6e0ec81251c3c']"
183,集,"['HSK 5급 단어', '#/entry/zhko/075de72f9efc4feab0f2cd30d1b3ecb7', '#/entry/zhko/4f36d7f299924269a657cc2d53eab0f1', '#/entry/zhko/dcda2e0c7f504db081f5178a828b117b', 'HSK 6급 단어', '#/entry/zhko/a27733130a2e4d789e1d78d3f3c70110', '#/entry/zhko/0a4381f030cf4aa2ae46b35e0faec7a7']"
184,极,"['HSK 4급 단어', '#/entry/zhko/03da5e26fc25469abdd47293843c90ed', 'HSK 5급 단어', '#/entry/zhko/07691e4bdf60418580a863f0452a2c8f', '#/entry/zhko/4a09e222f32643129731809c88dc52b3', '#/entry/zhko/727205bf500c453aad70d8acec5d03c8', 'HSK 6급 단어', '#/entry/zhko/269a1c8edf7c45c492be05ca481b79f9', '#/entry/zhko/9667bbf83d3141cf9fed285fffc51226', '#/entry/zhko/e953614d1ba846e0994fefd4dd906736']"
185,讲,"['HSK 5급 단어', '#/entry/zhko/313dca1eaaa741e9b29a43aab27efc31', '#/entry/zhko/aa5226504cf94c228fa27a1fff5c844f', '#/entry/zhko/58099c34094f41af89a3589da4c132d2']"
186,趣,"['HSK 4급 단어', '#/entry/zhko/db312a1a2720464bb8dc1cd6e621a3ea', 'HSK 6급 단어', '#/entry/zhko/f38058d8f50d4906949fa5661f1360c9', '#/entry/zhko/a3891872539c47e899886bee7523799d', '#/entry/zhko/19ecd23842b04f4fa19e5e94daa522f8']"
187,类,"['HSK 5급 단어', '#/entry/zhko/67352fd0f2c04630868e03de1e263c24', '#/entry/zhko/0e1c8d731dc14eea86116830c29b5d18', 'HSK 6급 단어', '#/entry/zhko/12a66d0f2f8743399fe2af1b5b1e5f70']"
188,戏,"['HSK 3급 단어', '#/entry/zhko/d8f7811a05ad4fcd81638a83adcc1893', 'HSK 5급 단어', '#/entry/zhko/a92368c88ac6475db6cc0084530c480a']"
189,容,"['HSK 3급 단어', '#/entry/zhko/51c4a5e448d44edfa344868789f3038b', 'HSK 5급 단어', '#/entry/zhko/d3b7cecee4d940ff99bbf0f0287748ad', 'HSK 6급 단어', '#/entry/zhko/68e73fb0fe2e4ff2b63e7e3ce8d64d62', '#/entry/zhko/34cd58b1c8bb4423bc2019a27a12db56', '#/entry/zhko/b0e07693dbdf418283d62385db561b09', '#/entry/zhko/df7b3d8021b94d7892d9302c9f0056bc', '#/entry/zhko/975849427ca1434e886367d678ff4dbb', '#/entry/zhko/e3f7174a22dc459fbd80b6b61d1f31c1', '#/entry/zhko/d8b32f7500614f9c8dd5187494bdb114', '#/entry/zhko/97c18a699cbb4f6fb9dfcc4da44aabb5']"
190,步,"['HSK 2급 단어', '#/entry/zhko/f5347611f5644bc688bf2888b3b6127d', 'HSK 4급 단어', '#/entry/zhko/b335fc9c52dc4c128e26309f1b82438c', 'HSK 5급 단어', '#/entry/zhko/9c986b12ded444c987e3196b7067ca2a', '#/entry/zhko/70b9c25228174819a7366af9e477e084', '#/entry/zhko/053b74013b3943e09495bcccd4d47554', 'HSK 6급 단어', '#/entry/zhko/22f1e041287d48208d8f3674428f4567', '#/entry/zhko/54360398be974e66a53355b5ec29a21e', '#/entry/zhko/e91e77c6b60347b4a0d8b809903461ae', '#/entry/zhko/6a5c6fe1eb5c4c7ba506c989eece1737']"
191,落,"['HSK 4급 단어', '#/entry/zhko/14ee462a3194478c9cc68fd736da7374', 'HSK 5급 단어', '#/entry/zhko/f72f7fa5d03f43e09bc9f807d239faba', 'HSK 6급 단어', '#/entry/zhko/42f54543bb654fbb83b8b29f9de9b1ca', '#/entry/zhko/989326356b3f42f09af9d40ac4844f7d', '#/entry/zhko/a8b8babde37d4d018fc606c8c9ef9ec5', '#/entry/zhko/1daf7fc31bf44ff392868c0063a1aff9', '#/entry/zhko/61d965eef0b64505aef99be7a695cd00']"
192,饭,"['HSK 1급 단어', '#/entry/zhko/393568a713b64d0993ca912d0bb1d3dc', '#/entry/zhko/b8f921afdb324bf7930c05f7d4c97517']"
193,林,"['HSK 4급 단어', '#/entry/zhko/57df1a48365e4dd484cdc77d95010487', 'HSK 6급 단어', '#/entry/zhko/79d1ac7b7f5b49b1951593ee090d90d4']"
194,换,"['HSK 5급 단어', '#/entry/zhko/00555358027d4d8fb9a847bd01bb5079', '#/entry/zhko/21f88f9fee54404f85548c09933d4ab8']"
195,及,"['HSK 4급 단어', '#/entry/zhko/45b83b8d427e4389bb7dfb1ca75357ac', '#/entry/zhko/bf9e11e1e7d34bf2befa10016e14a9ae', 'HSK 5급 단어', '#/entry/zhko/6c809d9bed49488f8ffcdf967e3fa00b', '#/entry/zhko/7b1821b14fb1443c8d54541630f35ad9', 'HSK 6급 단어', '#/entry/zhko/2b1ed0fed23a4eceab6e30b062a8a312', '#/entry/zhko/907e34919e3a441a8875d5412d214ccd', '#/entry/zhko/01a7f59307814345bfba1ccd466da76f', '#/entry/zhko/eea224fbe8bb485283ed4de08efd75f0', '#/entry/zhko/b43ca2ea1c4746b9af668e3eeb7c33e6']"
196,船,"['HSK 6급 단어', '#/entry/zhko/e559075c48d74da5851e63f0faa86f1b', '#/entry/zhko/1451877ee95f45acaacbc1b3e4a8a76b']"
197,争,"['HSK 5급 단어', '#/entry/zhko/4d02d008e9db4553a803d7c696b40c7a', '#/entry/zhko/6903e6d4b22c49a88f5a67ca99f6423d', '#/entry/zhko/bad8fa51baf94a05aff3dbbaa1e2686e', 'HSK 6급 단어', '#/entry/zhko/ef8b930faac94b17a2ba82fdabdaa6f4', '#/entry/zhko/58b935c793f245a299cec3168b08490d', '#/entry/zhko/854d1e33c5c245f5bfb49069d0fced3c', '#/entry/zhko/aa5478f193e241d395dc614409bb85bd', '#/entry/zhko/10e8cbe0f4d647aabbda67f1ce2d0a58', '#/entry/zhko/08fbec467d974a14bc001c93d79512f2']"
198,级,"['HSK 3급 단어', '#/entry/zhko/101d7470611e4569815f58ab75c10585', 'HSK 5급 단어', '#/entry/zhko/ab42b72bea564b84ae742561ea37b1e2', '#/entry/zhko/c21ffd1784254c31874e689f6764ebe3', '#/entry/zhko/2ba944058f9244dfa58cdd463dccbe93', 'HSK 6급 단어', '#/entry/zhko/717e9e27a7744b3981783d646aafb7e5', '#/entry/zhko/fe3de1b8815b49f6a226adf42ef7d6ac', '#/entry/zhko/0d922ee46e33459e9e84c155682cb4c5']"
199,姆,"['HSK 6급 단어', '#/entry/zhko/e3fda874866140deb11bb5f879756e7a']"
200,雷,"['HSK 6급 단어', '#/entry/zhko/e2a85450d98247c5adca9dd0ed2402cb']"
201,刻,"['HSK 5급 단어', '#/entry/zhko/f62e938c509647309249d59f300a2b77', '#/entry/zhko/5a4beb330d4d4baf99f2fea287ef08a5', '#/entry/zhko/7d4baf4708a0400bb5dbbcbf87a8c9a7', '#/entry/zhko/d97098f399e1426ba5f4f5527e60eadc', 'HSK 6급 단어', '#/entry/zhko/42098554f7f343999e9c6d9fec909985', '#/entry/zhko/d8b32f7500614f9c8dd5187494bdb114', '#/entry/zhko/e5a89b304acb4c55b878b1120e76108c']"
202,建,"['HSK 4급 단어', '#/entry/zhko/1c609a64b958445a8ec84a480c484103', 'HSK 5급 단어', '#/entry/zhko/65006e7bfd1348718c22bebc1f3b35ab', '#/entry/zhko/283a04160534446d8bf995762047a172', '#/entry/zhko/3aaa2985fa634b798e48152b98bf8a7c', 'HSK 6급 단어', '#/entry/zhko/a574afe44a5543738021f3cafaa42206', '#/entry/zhko/2a9a372a672542d7a822d4022cb0a3c8']"
203,团,"['HSK 6급 단어', '#/entry/zhko/a27733130a2e4d789e1d78d3f3c70110', '#/entry/zhko/13fdbe698be24393865e804b565ec74c', '#/entry/zhko/647a48c710c64e288df4114e19dfde34']"
204,王,"['HSK 5급 단어', '#/entry/zhko/538f14706b734e59a8d2fa661ba3f9d8', '#/entry/zhko/c763e207a6df47d6b575c74020507dc8']"
205,山,"['HSK 3급 단어', '#/entry/zhko/400c049a8c8541ff8dd3dcd3c142ad15', 'HSK 6급 단어', '#/entry/zhko/3a7ed96924a44e70890324afd446705a']"
206,普,"['HSK 4급 단어', '#/entry/zhko/91e3eb0f56dc4913b8579cac489cf61c', '#/entry/zhko/e813f224ab314576b969463f82e7123f', 'HSK 6급 단어', '#/entry/zhko/b43ca2ea1c4746b9af668e3eeb7c33e6']"
207,价,"['HSK 4급 단어', '#/entry/zhko/991eeac29d4a4ef3915f98d0db02c281', 'HSK 5급 단어', '#/entry/zhko/509c1ed6c6e44e768b3fcaf1cc932c10', '#/entry/zhko/4d570c63580641afa6efd66d23f19a6d', '#/entry/zhko/025d9435dc654e6b865c6773a3a279e6', 'HSK 6급 단어', '#/entry/zhko/34c621e2c4034dd9a61f64b40daea1ef', '#/entry/zhko/0bd84f9b94924b44989e97b43c21a9c4']"
208,元,"['HSK 5급 단어', '#/entry/zhko/625e9eef66384ce9af8ddf408987f676', '#/entry/zhko/a37d334881c84a03b03cd4e3c7409a94', '#/entry/zhko/d358de12f99d4907a27c97c791020552', 'HSK 6급 단어', '#/entry/zhko/16a0a99d6ccc4e35858295bec4819770', '#/entry/zhko/723a0e12f2de4efbbf6ca5f978d27cd2', '#/entry/zhko/e476e0ea58e64f2083eea09c9cefa4f9']"
209,角,"['HSK 5급 단어', '#/entry/zhko/156ab0b643584e78b42a4c7ab867cb32', 'HSK 6급 단어', '#/entry/zhko/1daf7fc31bf44ff392868c0063a1aff9']"
210,怀,"['HSK 4급 단어', '#/entry/zhko/491eb9de01fc4c3d9985c658dbbdaa4c', 'HSK 5급 단어', '#/entry/zhko/a3764ccd880345a48ac00c10766e7885', '#/entry/zhko/f8f61584b5c441febc7fdf2be038f48f', 'HSK 6급 단어', '#/entry/zhko/b0cd28f3d64e46cbb2d3cd36fb0ab148', '#/entry/zhko/be68de5d99264c3baa15607497797867']"
211,床,"['HSK 2급 단어', '#/entry/zhko/4ae06c7c3d2f4507ba5846b2c05512f7', 'HSK 6급 단어', '#/entry/zhko/4d8c522210fb4ea080658d6fb55dee34', '#/entry/zhko/69b12e8666704e07b38c67528de914bc']"
212,奥,"['HSK 6급 단어', '#/entry/zhko/4dba8269a74f4204af804c78b7ab1b02', '#/entry/zhko/573b230385ce4bdaa2fb7c445af08764']"
213,模,"['HSK 6급 단어', '#/entry/zhko/3815b7939db14530bc0f0b2bebee8c4e']"
214,验,"['HSK 4급 단어', '#/entry/zhko/aabe19fd7f204fa4a8211f69e6343e6b', 'HSK 5급 단어', '#/entry/zhko/5d8510a9aae1459ab16c70df95f3de41', '#/entry/zhko/adac4641c7e347c8b450274cc863293b', '#/entry/zhko/f3c1575459e54d0da0fff36cf24d268a', 'HSK 6급 단어', '#/entry/zhko/aeae85ec005b4913a2801c94ec9e8b77', '#/entry/zhko/2798128526a74e1db9e2a38b319e2387', '#/entry/zhko/8ea87480d86f46e7b2406346e27bc45c', '#/entry/zhko/0d1b5da6dbee4c9fb22d98b17375bfa3']"
215,索,"['HSK 5급 단어', '#/entry/zhko/bf50a06a79c14d759d9383bffa108d89', 'HSK 6급 단어', '#/entry/zhko/539a39b54f2c4d558f9fae6a8a092221', '#/entry/zhko/465e4fb4cb574faeace370a94d9d14c5', '#/entry/zhko/b95916b2aabf477991d1cbbc3800b47f', '#/entry/zhko/fdb764e589064575a8af5f77f5144b13', '#/entry/zhko/e6e65b6b588b4aff99aa4f0f41fa5496']"
216,街,"['HSK 3급 단어', '#/entry/zhko/392696b692bd496380d8558393a0dc08']"
217,呼,"['HSK 5급 단어', '#/entry/zhko/52fe896745bd46afae4f902837c2779a', 'HSK 6급 단어', '#/entry/zhko/4dfdb79178bd4fd9911ee65aff21c715', '#/entry/zhko/3398ddf532c54db081ff223ab0451a13', '#/entry/zhko/7f12d758fccc4ed4a525bdb64d93e16d']"
218,视,"['HSK 1급 단어', '#/entry/zhko/9b0b76601a5241738343e088673a5376', 'HSK 4급 단어', '#/entry/zhko/1d65e68310394c1498cef885f0151fd8', 'HSK 5급 단어', '#/entry/zhko/0dd6000c67df436e866377bc889bfec1', '#/entry/zhko/13a368b5140d433a9683a48adbb90457', 'HSK 6급 단어', '#/entry/zhko/156725ffad694d59b0af564205022a7d', '#/entry/zhko/95d048f91d72492798d5c8251b4832c8', '#/entry/zhko/230338a8f9bf4039b12583df1b8a3ced', '#/entry/zhko/44cef65aff97445885ca0484fe84d977', '#/entry/zhko/8381e8a2d6b746b3b0eb67871ccc091b', '#/entry/zhko/a984fdccb9cf4a4281ed73540e7cd205', '#/entry/zhko/f503e87ca75c450aa232e47da4e09353', '#/entry/zhko/adcd4055a14e4322829561959d621272', '#/entry/zhko/1a3fe225e42c47349a63d8bf44ea84af', '#/entry/zhko/54511308a619410ab4f4b22aff9758d5', '#/entry/zhko/519092b8b9ab4d7da739e9608a7c28a5', '#/entry/zhko/7a97b505d6dd4592a045d8ae74c8e7db', '#/entry/zhko/8541d5536f5b4c15add9cf6c4ebf5b7f']"
219,料,"['HSK 3급 단어', '#/entry/zhko/4108b12c8ad140fdaf61eb26a2b3706c', 'HSK 5급 단어', '#/entry/zhko/48bb69bde24f449a8d7f71af1b3a9120', '#/entry/zhko/578abf19920b4623a0f1905cd5e8ccb9', 'HSK 6급 단어', '#/entry/zhko/3ac24981ad064a2eba8f4abcf697b7a2', '#/entry/zhko/e3d1ebd6eebb4b13b94b97d421ce4daa', '#/entry/zhko/609b1a9453204c7893c0391cd1615548', '#/entry/zhko/f582ab525c2949408c8bc7f23a3b7e7f']"
220,强,"['HSK 5급 단어', '#/entry/zhko/21e735a404fa4cf2a32cf4abdb9ff373', '#/entry/zhko/73e1b6851b254aa6baa48cef3283e995', '#/entry/zhko/8db8ec6efd384cd895c3a1d8f1a3cfb1', 'HSK 6급 단어', '#/entry/zhko/08b4eb7cf5bf473baacf0a380e5218d0', '#/entry/zhko/e368993b9754407980afaa567a46f735']"
221,由,"['HSK 4급 단어', '#/entry/zhko/27ff13f659fe45ffbc0d710adb876616', 'HSK 5급 단어', '#/entry/zhko/d81fbc268b274808bda5b610717af6d5', '#/entry/zhko/6e289a71e11b448c956283a3215e5299', 'HSK 6급 단어', '#/entry/zhko/ae15e10174a84234b2aedcda98828f18']"
222,论,"['HSK 4급 단어', '#/entry/zhko/4e4c2dac908a41248ace98615d4cca51', '#/entry/zhko/badc564d39f44d76bb9a6ae58dfb10d0', 'HSK 5급 단어', '#/entry/zhko/2faf7f5a82fe49dfa6b174026a517652', '#/entry/zhko/671669ae7bcc4a6d96a5e10e86a80667', '#/entry/zhko/05b9dd6e15db482680dcd7dd7cc59cc7', '#/entry/zhko/6903e6d4b22c49a88f5a67ca99f6423d', '#/entry/zhko/fa9fb8bc389c47f68437b9816bf6c1e7', 'HSK 6급 단어', '#/entry/zhko/222eb0d0c0f64875839b77e9cd5a8e4c', '#/entry/zhko/1f8b5c9fcb714bd19d41cd8733e80735', '#/entry/zhko/3b5342d3b57d4d77b6b23494cf195d9b', '#/entry/zhko/d75d80b1d0b84d8b916ff55cde594605', '#/entry/zhko/4f2ab26e5c3f470290a15ea5a9c6580b', '#/entry/zhko/b1d924a9903e4e90bd4c445d271152e1']"
